geo,text,user,user_location
,"RT @CCivicaCatalana: El Aeropuerto de Murcia no puede llamarse De la Cierva, cient√≠fico aeron√°utico inventor del autogiro pero el Estadio o‚Ä¶",AmbiConstructiv,"Barcelona, Tabarnia, Espa√±a"
,"RT @CCivicaCatalana: El Aeropuerto de Murcia no puede llamarse De la Cierva, cient√≠fico aeron√°utico inventor del autogiro pero el Estadio o‚Ä¶",cbae237c895543b,suroeste 
,"RT @CCivicaCatalana: El Aeropuerto de Murcia no puede llamarse De la Cierva, cient√≠fico aeron√°utico inventor del autogiro pero el Estadio o‚Ä¶",JuanPgurpegui,"Gij√≥n, Espa√±a"
,"RT @CCivicaCatalana: El Aeropuerto de Murcia no puede llamarse De la Cierva, cient√≠fico aeron√°utico inventor del autogiro pero el Estadio o‚Ä¶",jmnavar63,"Sabadell, Espa√±a"
,"RT @CCivicaCatalana: El Aeropuerto de Murcia no puede llamarse De la Cierva, cient√≠fico aeron√°utico inventor del autogiro pero el Estadio o‚Ä¶",flmargarita,üáªüá™ üá™üá∏ 
,"RT @CCivicaCatalana: El Aeropuerto de Murcia no puede llamarse De la Cierva, cient√≠fico aeron√°utico inventor del autogiro pero el Estadio o‚Ä¶",cncano,Madrid y Gij√≥n. Espa√±a
,RT @ReginadelC: Y pues na‚Äôa que ya he llegao a Barcelona. Y que aqu√≠ todos se llaman Jos√© algo. Le he preguntao a Jos√© el del aeropuerto qu‚Ä¶,serge2377,"Gustavo A. Madero, CDMX"
,"RT @CCivicaCatalana: El Aeropuerto de Murcia no puede llamarse De la Cierva, cient√≠fico aeron√°utico inventor del autogiro pero el Estadio o‚Ä¶",Nicods5,Valencia
,RT @diarioelvistazo: Luis Marcano anunci√≥ la reactivaci√≥n de importaciones y exportaciones desde el Aeropuerto Internacional de Barcelona‚Ä¶,jjvelasquez2205,
,"RT @CCivicaCatalana: El Aeropuerto de Murcia no puede llamarse De la Cierva, cient√≠fico aeron√°utico inventor del autogiro pero el Estadio o‚Ä¶",MariaJe_AL,"Madrid, Espa√±a"
,"RT @CCivicaCatalana: El Aeropuerto de Murcia no puede llamarse De la Cierva, cient√≠fico aeron√°utico inventor del autogiro pero el Estadio o‚Ä¶",MartaGa59929294,
,"RT @CCivicaCatalana: El Aeropuerto de Murcia no puede llamarse De la Cierva, cient√≠fico aeron√°utico inventor del autogiro pero el Estadio o‚Ä¶",agartha301,
,"RT @BAERVenezuela: #8Jun | D√≠a a d√≠a el Aeropuerto Inter. GD Jos√© Antonio Anzo√°tegui de Barcelona, garantiza a los pasajeros servicios de a‚Ä¶",Sherab_Gyatso,M√©rida 
,"RT @CCivicaCatalana: El Aeropuerto de Murcia no puede llamarse De la Cierva, cient√≠fico aeron√°utico inventor del autogiro pero el Estadio o‚Ä¶",coronelbill68,
,"RT @BAERVenezuela: #8Jun | Bien sea por negocios o diversi√≥n, cuentas con el Aeropuerto Internacional GD Jos√© Antonio Anzo√°tegui de Barcelo‚Ä¶",Sherab_Gyatso,M√©rida 
,Luis Marcano anunci√≥ la reactivaci√≥n de importaciones y exportaciones desde el Aeropuerto Internacional de Barcelon‚Ä¶ https://t.co/OyWvr1G8A1,diarioelvistazo,"El Tigre, Anzo√°tegui"
,"RT @CCivicaCatalana: El Aeropuerto de Murcia no puede llamarse De la Cierva, cient√≠fico aeron√°utico inventor del autogiro pero el Estadio o‚Ä¶",amedinac96,"Albacete, Espa√±a"
,"RT @CCivicaCatalana: El Aeropuerto de Murcia no puede llamarse De la Cierva, cient√≠fico aeron√°utico inventor del autogiro pero el Estadio o‚Ä¶",Kungefu,"Madrid, Comunidad de Madrid"
,"RT @BAERVenezuela: #8Jun | Bien sea por negocios o diversi√≥n, cuentas con el Aeropuerto Internacional GD Jos√© Antonio Anzo√°tegui de Barcelo‚Ä¶",Luis23464216,
,"RT @CCivicaCatalana: El Aeropuerto de Murcia no puede llamarse De la Cierva, cient√≠fico aeron√°utico inventor del autogiro pero el Estadio o‚Ä¶",Elena85461548,
,"RT @CCivicaCatalana: El Aeropuerto de Murcia no puede llamarse De la Cierva, cient√≠fico aeron√°utico inventor del autogiro pero el Estadio o‚Ä¶",Elena11885938,
,"RT @CCivicaCatalana: El Aeropuerto de Murcia no puede llamarse De la Cierva, cient√≠fico aeron√°utico inventor del autogiro pero el Estadio o‚Ä¶",Joseantoniopunt,La L√≠nea de la Concepci√≥n
,"RT @CCivicaCatalana: El Aeropuerto de Murcia no puede llamarse De la Cierva, cient√≠fico aeron√°utico inventor del autogiro pero el Estadio o‚Ä¶",lvg_91,
,"RT @BAERVenezuela: #8Jun | Bien sea por negocios o diversi√≥n, cuentas con el Aeropuerto Internacional GD Jos√© Antonio Anzo√°tegui de Barcelo‚Ä¶",tengofe368,
,"RT @CCivicaCatalana: El Aeropuerto de Murcia no puede llamarse De la Cierva, cient√≠fico aeron√°utico inventor del autogiro pero el Estadio o‚Ä¶",elPite_,Aqu√≠ y all√°
,"RT @CCivicaCatalana: El Aeropuerto de Murcia no puede llamarse De la Cierva, cient√≠fico aeron√°utico inventor del autogiro pero el Estadio o‚Ä¶",NataliaAfonso10,Madrid/Ver√≠n/A Guarda. Espa√±a
,"RT @BAERVenezuela: #8Jun | Bien sea por negocios o diversi√≥n, cuentas con el Aeropuerto Internacional GD Jos√© Antonio Anzo√°tegui de Barcelo‚Ä¶",betzay98,"Los Teques, Venezuela"
,"RT @CCivicaCatalana: El Aeropuerto de Murcia no puede llamarse De la Cierva, cient√≠fico aeron√°utico inventor del autogiro pero el Estadio o‚Ä¶",tamaran85,
,"RT @BAERVenezuela: #8Jun | Bien sea por negocios o diversi√≥n, cuentas con el Aeropuerto Internacional GD Jos√© Antonio Anzo√°tegui de Barcelo‚Ä¶",LuisAugustoMoya,
,"RT @BAERVenezuela: #8Jun | Bien sea por negocios o diversi√≥n, cuentas con el Aeropuerto Internacional GD Jos√© Antonio Anzo√°tegui de Barcelo‚Ä¶",pablito1457,
,"RT @BAERVenezuela: #8Jun | Bien sea por negocios o diversi√≥n, cuentas con el Aeropuerto Internacional GD Jos√© Antonio Anzo√°tegui de Barcelo‚Ä¶",Aeropuertobna,"Anzo√°tegui, Venezuela"
,"#8Jun | Bien sea por negocios o diversi√≥n, cuentas con el Aeropuerto Internacional GD Jos√© Antonio Anzo√°tegui de Ba‚Ä¶ https://t.co/yTiy9OwBSi",BAERVenezuela,"Caracas, Venezuela"
,"RT @CCivicaCatalana: El Aeropuerto de Murcia no puede llamarse De la Cierva, cient√≠fico aeron√°utico inventor del autogiro pero el Estadio o‚Ä¶",sergioesp261,
,"RT @CCivicaCatalana: El Aeropuerto de Murcia no puede llamarse De la Cierva, cient√≠fico aeron√°utico inventor del autogiro pero el Estadio o‚Ä¶",Viriato58374947,
,"RT @CCivicaCatalana: El Aeropuerto de Murcia no puede llamarse De la Cierva, cient√≠fico aeron√°utico inventor del autogiro pero el Estadio o‚Ä¶",4Postes,"√Åvila, Espa√±a"
,"RT @CCivicaCatalana: El Aeropuerto de Murcia no puede llamarse De la Cierva, cient√≠fico aeron√°utico inventor del autogiro pero el Estadio o‚Ä¶",jctorrescobos,Espa√±a
,"RT @CCivicaCatalana: El Aeropuerto de Murcia no puede llamarse De la Cierva, cient√≠fico aeron√°utico inventor del autogiro pero el Estadio o‚Ä¶",NACHOTECNOLOGIA,Espa√±a
,"RT @CCivicaCatalana: El Aeropuerto de Murcia no puede llamarse De la Cierva, cient√≠fico aeron√°utico inventor del autogiro pero el Estadio o‚Ä¶",Vivalaley,
,"RT @CCivicaCatalana: El Aeropuerto de Murcia no puede llamarse De la Cierva, cient√≠fico aeron√°utico inventor del autogiro pero el Estadio o‚Ä¶",afiandeira,
,RT @ReginadelC: Y pues na‚Äôa que ya he llegao a Barcelona. Y que aqu√≠ todos se llaman Jos√© algo. Le he preguntao a Jos√© el del aeropuerto qu‚Ä¶,CarlosA97187605,
,"RT @CCivicaCatalana: El Aeropuerto de Murcia no puede llamarse De la Cierva, cient√≠fico aeron√°utico inventor del autogiro pero el Estadio o‚Ä¶",BarrosoYolanda,
,"RT @CCivicaCatalana: El Aeropuerto de Murcia no puede llamarse De la Cierva, cient√≠fico aeron√°utico inventor del autogiro pero el Estadio o‚Ä¶",Vorthellion,
,"RT @BAERVenezuela: #8Jun | D√≠a a d√≠a el Aeropuerto Inter. GD Jos√© Antonio Anzo√°tegui de Barcelona, garantiza a los pasajeros servicios de a‚Ä¶",MUSURRA,
,"RT @BAERVenezuela: #8Jun | ¬°Venezuela Potencia! Con la articulaci√≥n entre @BAERVenezuela y Gobierno Regional, se materializ√≥ el arribo del‚Ä¶",MUSURRA,
,"RT @CCivicaCatalana: El Aeropuerto de Murcia no puede llamarse De la Cierva, cient√≠fico aeron√°utico inventor del autogiro pero el Estadio o‚Ä¶",1965Eenrique,
,"RT @CCivicaCatalana: El Aeropuerto de Murcia no puede llamarse De la Cierva, cient√≠fico aeron√°utico inventor del autogiro pero el Estadio o‚Ä¶",motzanka,Madrid
,"RT @CCivicaCatalana: El Aeropuerto de Murcia no puede llamarse De la Cierva, cient√≠fico aeron√°utico inventor del autogiro pero el Estadio o‚Ä¶",IFalRed72,Andalucia
,"RT @CCivicaCatalana: El Aeropuerto de Murcia no puede llamarse De la Cierva, cient√≠fico aeron√°utico inventor del autogiro pero el Estadio o‚Ä¶",Maritahita,"Madrid, Comunidad de Madrid"
,"RT @CCivicaCatalana: El Aeropuerto de Murcia no puede llamarse De la Cierva, cient√≠fico aeron√°utico inventor del autogiro pero el Estadio o‚Ä¶",A_Barrilaro,Espa√±a
,"RT @CCivicaCatalana: El Aeropuerto de Murcia no puede llamarse De la Cierva, cient√≠fico aeron√°utico inventor del autogiro pero el Estadio o‚Ä¶",JuanTocoto,
,"RT @CCivicaCatalana: El Aeropuerto de Murcia no puede llamarse De la Cierva, cient√≠fico aeron√°utico inventor del autogiro pero el Estadio o‚Ä¶",GaresJosep,
,RT @ReginadelC: Y pues na‚Äôa que ya he llegao a Barcelona. Y que aqu√≠ todos se llaman Jos√© algo. Le he preguntao a Jos√© el del aeropuerto qu‚Ä¶,EstherS51678869,
,"RT @CCivicaCatalana: El Aeropuerto de Murcia no puede llamarse De la Cierva, cient√≠fico aeron√°utico inventor del autogiro pero el Estadio o‚Ä¶",Goyo1966Alvarez,
,"RT @CCivicaCatalana: El Aeropuerto de Murcia no puede llamarse De la Cierva, cient√≠fico aeron√°utico inventor del autogiro pero el Estadio o‚Ä¶",nyordocolono,
,"RT @CCivicaCatalana: El Aeropuerto de Murcia no puede llamarse De la Cierva, cient√≠fico aeron√°utico inventor del autogiro pero el Estadio o‚Ä¶",Pacodsb,Espa√±a
,"RT @CCivicaCatalana: El Aeropuerto de Murcia no puede llamarse De la Cierva, cient√≠fico aeron√°utico inventor del autogiro pero el Estadio o‚Ä¶",ferboru,
,"RT @CCivicaCatalana: El Aeropuerto de Murcia no puede llamarse De la Cierva, cient√≠fico aeron√°utico inventor del autogiro pero el Estadio o‚Ä¶",xerezanu,"Xerez-Xixon, ESPA√ëA"
,"RT @CCivicaCatalana: El Aeropuerto de Murcia no puede llamarse De la Cierva, cient√≠fico aeron√°utico inventor del autogiro pero el Estadio o‚Ä¶",CabreoEspanyol,
,"RT @CCivicaCatalana: El Aeropuerto de Murcia no puede llamarse De la Cierva, cient√≠fico aeron√°utico inventor del autogiro pero el Estadio o‚Ä¶",DnVitoCorleone,
,"RT @CCivicaCatalana: El Aeropuerto de Murcia no puede llamarse De la Cierva, cient√≠fico aeron√°utico inventor del autogiro pero el Estadio o‚Ä¶",Alferez1127,Marruecos Espa√±ol
,"RT @CCivicaCatalana: El Aeropuerto de Murcia no puede llamarse De la Cierva, cient√≠fico aeron√°utico inventor del autogiro pero el Estadio o‚Ä¶",LSubversion,
,"RT @CCivicaCatalana: El Aeropuerto de Murcia no puede llamarse De la Cierva, cient√≠fico aeron√°utico inventor del autogiro pero el Estadio o‚Ä¶",tamapiedras,
,"RT @CCivicaCatalana: El Aeropuerto de Murcia no puede llamarse De la Cierva, cient√≠fico aeron√°utico inventor del autogiro pero el Estadio o‚Ä¶",ManoloVanBasten,"Valencia, Reino de Espa√±a."
,"RT @CCivicaCatalana: El Aeropuerto de Murcia no puede llamarse De la Cierva, cient√≠fico aeron√°utico inventor del autogiro pero el Estadio o‚Ä¶",aurorab50262508,"Barcelona, Espa√±a"
,"RT @CCivicaCatalana: El Aeropuerto de Murcia no puede llamarse De la Cierva, cient√≠fico aeron√°utico inventor del autogiro pero el Estadio o‚Ä¶",carlos89377496,
,"RT @CCivicaCatalana: El Aeropuerto de Murcia no puede llamarse De la Cierva, cient√≠fico aeron√°utico inventor del autogiro pero el Estadio o‚Ä¶",CheloGuev,
,"RT @CCivicaCatalana: El Aeropuerto de Murcia no puede llamarse De la Cierva, cient√≠fico aeron√°utico inventor del autogiro pero el Estadio o‚Ä¶",OrenTarrio,Cizur Mayor 
,"RT @CCivicaCatalana: El Aeropuerto de Murcia no puede llamarse De la Cierva, cient√≠fico aeron√°utico inventor del autogiro pero el Estadio o‚Ä¶",nbritop,
,"RT @CCivicaCatalana: El Aeropuerto de Murcia no puede llamarse De la Cierva, cient√≠fico aeron√°utico inventor del autogiro pero el Estadio o‚Ä¶",bizarro1997,Espa√±a
,"RT @CCivicaCatalana: El Aeropuerto de Murcia no puede llamarse De la Cierva, cient√≠fico aeron√°utico inventor del autogiro pero el Estadio o‚Ä¶",KarmenCota,Vigo
,"RT @CCivicaCatalana: El Aeropuerto de Murcia no puede llamarse De la Cierva, cient√≠fico aeron√°utico inventor del autogiro pero el Estadio o‚Ä¶",ramon_somarriba,
,"RT @CCivicaCatalana: El Aeropuerto de Murcia no puede llamarse De la Cierva, cient√≠fico aeron√°utico inventor del autogiro pero el Estadio o‚Ä¶",Tinowarrion,ESPA√ëA
,"RT @CCivicaCatalana: El Aeropuerto de Murcia no puede llamarse De la Cierva, cient√≠fico aeron√°utico inventor del autogiro pero el Estadio o‚Ä¶",aortih,
,"RT @CCivicaCatalana: El Aeropuerto de Murcia no puede llamarse De la Cierva, cient√≠fico aeron√°utico inventor del autogiro pero el Estadio o‚Ä¶",1_polonio,
,"RT @CCivicaCatalana: El Aeropuerto de Murcia no puede llamarse De la Cierva, cient√≠fico aeron√°utico inventor del autogiro pero el Estadio o‚Ä¶",KoooLoop,
,"RT @CCivicaCatalana: El Aeropuerto de Murcia no puede llamarse De la Cierva, cient√≠fico aeron√°utico inventor del autogiro pero el Estadio o‚Ä¶",crisabe1,Las Palmas de Gran Canaria
,"RT @CCivicaCatalana: El Aeropuerto de Murcia no puede llamarse De la Cierva, cient√≠fico aeron√°utico inventor del autogiro pero el Estadio o‚Ä¶",Torillo_57,"Comunidad de Madrid, Espa√±a"
,"RT @CCivicaCatalana: El Aeropuerto de Murcia no puede llamarse De la Cierva, cient√≠fico aeron√°utico inventor del autogiro pero el Estadio o‚Ä¶",ludoviko72,
,"RT @CCivicaCatalana: El Aeropuerto de Murcia no puede llamarse De la Cierva, cient√≠fico aeron√°utico inventor del autogiro pero el Estadio o‚Ä¶",solanopatri1,
,"RT @CCivicaCatalana: El Aeropuerto de Murcia no puede llamarse De la Cierva, cient√≠fico aeron√°utico inventor del autogiro pero el Estadio o‚Ä¶",apayno4,
,"RT @CCivicaCatalana: El Aeropuerto de Murcia no puede llamarse De la Cierva, cient√≠fico aeron√°utico inventor del autogiro pero el Estadio o‚Ä¶",tomeparecepoco,
,"RT @BAERVenezuela: #8Jun | D√≠a a d√≠a el Aeropuerto Inter. GD Jos√© Antonio Anzo√°tegui de Barcelona, garantiza a los pasajeros servicios de a‚Ä¶",ehinmy,"Yaracuy, Venezuela"
,"RT @CCivicaCatalana: El Aeropuerto de Murcia no puede llamarse De la Cierva, cient√≠fico aeron√°utico inventor del autogiro pero el Estadio o‚Ä¶",JRECENA,
,"RT @programa_hoy: As√≠ captaron a el futbolista y a la colombiana en las inmediaciones del aeropuerto üò¨

https://t.co/irVLZJbwW0",BLANCAAZUCENR3,
,"RT @CCivicaCatalana: El Aeropuerto de Murcia no puede llamarse De la Cierva, cient√≠fico aeron√°utico inventor del autogiro pero el Estadio o‚Ä¶",AliaMorgana1616,
,"RT @CCivicaCatalana: El Aeropuerto de Murcia no puede llamarse De la Cierva, cient√≠fico aeron√°utico inventor del autogiro pero el Estadio o‚Ä¶",Melacaton2,
,El aeropuerto de Bilbao y el hotel de Barcelona me han dado dos fotos curiosas hoy. Buenas noches! https://t.co/LYd2sqk1eJ,s0ffi,Getxo
,"RT @CCivicaCatalana: El Aeropuerto de Murcia no puede llamarse De la Cierva, cient√≠fico aeron√°utico inventor del autogiro pero el Estadio o‚Ä¶",GemaColomo10,"Navalcarnero, Madrid, ESPA√ëA"
,"RT @CCivicaCatalana: El Aeropuerto de Murcia no puede llamarse De la Cierva, cient√≠fico aeron√°utico inventor del autogiro pero el Estadio o‚Ä¶",ratiocordis,Espa√±ol por los 4 costados
,"RT @CCivicaCatalana: El Aeropuerto de Murcia no puede llamarse De la Cierva, cient√≠fico aeron√°utico inventor del autogiro pero el Estadio o‚Ä¶",carlosdiario,everywhere
,"RT @CCivicaCatalana: El Aeropuerto de Murcia no puede llamarse De la Cierva, cient√≠fico aeron√°utico inventor del autogiro pero el Estadio o‚Ä¶",o_pablocede,Venezuela
,"RT @CCivicaCatalana: El Aeropuerto de Murcia no puede llamarse De la Cierva, cient√≠fico aeron√°utico inventor del autogiro pero el Estadio o‚Ä¶",CampoSeveriano,
,"RT @CCivicaCatalana: El Aeropuerto de Murcia no puede llamarse De la Cierva, cient√≠fico aeron√°utico inventor del autogiro pero el Estadio o‚Ä¶",joseluishenar,Espa√±a
,"RT @CCivicaCatalana: El Aeropuerto de Murcia no puede llamarse De la Cierva, cient√≠fico aeron√°utico inventor del autogiro pero el Estadio o‚Ä¶",ramato23,
,"RT @CCivicaCatalana: El Aeropuerto de Murcia no puede llamarse De la Cierva, cient√≠fico aeron√°utico inventor del autogiro pero el Estadio o‚Ä¶",Emprendedorpro1,
,"RT @CCivicaCatalana: El Aeropuerto de Murcia no puede llamarse De la Cierva, cient√≠fico aeron√°utico inventor del autogiro pero el Estadio o‚Ä¶",kiko_arena,Villafranca de los Barros
,@ChakNorris93 Eres libre de tener tu opini√≥n. Seguramente no es ni blanco ni negro. He tenido la oportunidad de fot‚Ä¶ https://t.co/QtN9Kb8uzV,dublinsquirrel,"Dubl√≠n, Irlanda"
,"RT @CCivicaCatalana: El Aeropuerto de Murcia no puede llamarse De la Cierva, cient√≠fico aeron√°utico inventor del autogiro pero el Estadio o‚Ä¶",EsPhotocreative,
,"RT @dgaviacion_: Inician vuelos de carga desde hac√≠a el Aeropuerto General Jos√© Antonio Anzo√°tegui de Barcelona (VE) üáªüá™ 

Este primer vuelo‚Ä¶",Eumelix1,"Caracas, Venezuela"
,"RT @CCivicaCatalana: El Aeropuerto de Murcia no puede llamarse De la Cierva, cient√≠fico aeron√°utico inventor del autogiro pero el Estadio o‚Ä¶",kkdvaca2018,Espa√±a
,"RT @CCivicaCatalana: El Aeropuerto de Murcia no puede llamarse De la Cierva, cient√≠fico aeron√°utico inventor del autogiro pero el Estadio o‚Ä¶",Stellatravesti,"Madrid, Comunidad de Madrid"
,"RT @CCivicaCatalana: El Aeropuerto de Murcia no puede llamarse De la Cierva, cient√≠fico aeron√°utico inventor del autogiro pero el Estadio o‚Ä¶",Path12216659,
,RT @ReginadelC: Y pues na‚Äôa que ya he llegao a Barcelona. Y que aqu√≠ todos se llaman Jos√© algo. Le he preguntao a Jos√© el del aeropuerto qu‚Ä¶,hpnadia,"PACHUCA, HGO, MEXICO"
,"As√≠ captaron a el futbolista y a la colombiana en las inmediaciones del aeropuerto üò¨

https://t.co/irVLZJbwW0",programa_hoy,Televisa San √Ångel
,"RT @CCivicaCatalana: El Aeropuerto de Murcia no puede llamarse De la Cierva, cient√≠fico aeron√°utico inventor del autogiro pero el Estadio o‚Ä¶",el_bimbambum,Espa√±a
,"RT @CCivicaCatalana: El Aeropuerto de Murcia no puede llamarse De la Cierva, cient√≠fico aeron√°utico inventor del autogiro pero el Estadio o‚Ä¶",PerezmolinaJ,Valencia
,@Aeropuerto_BCN Sabes algo del vueling que sal√≠a esta ma√±ana hacia ORLY y que ha tenido que regresar a Barcelona?,Papitoaviador,
,"RT @CCivicaCatalana: El Aeropuerto de Murcia no puede llamarse De la Cierva, cient√≠fico aeron√°utico inventor del autogiro pero el Estadio o‚Ä¶",Player43395958,
,"RT @CCivicaCatalana: El Aeropuerto de Murcia no puede llamarse De la Cierva, cient√≠fico aeron√°utico inventor del autogiro pero el Estadio o‚Ä¶",mipatria64,
,"RT @CCivicaCatalana: El Aeropuerto de Murcia no puede llamarse De la Cierva, cient√≠fico aeron√°utico inventor del autogiro pero el Estadio o‚Ä¶",MNarrillos,
,"RT @CCivicaCatalana: El Aeropuerto de Murcia no puede llamarse De la Cierva, cient√≠fico aeron√°utico inventor del autogiro pero el Estadio o‚Ä¶",Richardo1956,en la ria de Vigo 
,"RT @CCivicaCatalana: El Aeropuerto de Murcia no puede llamarse De la Cierva, cient√≠fico aeron√°utico inventor del autogiro pero el Estadio o‚Ä¶",KedvesemF,"Alicante, Spain"
,"RT @CCivicaCatalana: El Aeropuerto de Murcia no puede llamarse De la Cierva, cient√≠fico aeron√°utico inventor del autogiro pero el Estadio o‚Ä¶",LibertadLuisba,
,"RT @CCivicaCatalana: El Aeropuerto de Murcia no puede llamarse De la Cierva, cient√≠fico aeron√°utico inventor del autogiro pero el Estadio o‚Ä¶",echerichiacoli,
,"RT @CCivicaCatalana: El Aeropuerto de Murcia no puede llamarse De la Cierva, cient√≠fico aeron√°utico inventor del autogiro pero el Estadio o‚Ä¶",movimiento_vox,
,"RT @CCivicaCatalana: El Aeropuerto de Murcia no puede llamarse De la Cierva, cient√≠fico aeron√°utico inventor del autogiro pero el Estadio o‚Ä¶",Gusroca80,"Gij√≥n, Espa√±a"
,"RT @CCivicaCatalana: El Aeropuerto de Murcia no puede llamarse De la Cierva, cient√≠fico aeron√°utico inventor del autogiro pero el Estadio o‚Ä¶",Rafa7314,"La Haya, Holanda"
,"RT @CCivicaCatalana: El Aeropuerto de Murcia no puede llamarse De la Cierva, cient√≠fico aeron√°utico inventor del autogiro pero el Estadio o‚Ä¶",VinaTibet,
,"RT @CCivicaCatalana: El Aeropuerto de Murcia no puede llamarse De la Cierva, cient√≠fico aeron√°utico inventor del autogiro pero el Estadio o‚Ä¶",MariaJoseNorea3,
,"RT @CCivicaCatalana: El Aeropuerto de Murcia no puede llamarse De la Cierva, cient√≠fico aeron√°utico inventor del autogiro pero el Estadio o‚Ä¶",carmen45794052,"Ondara, Espa√±a"
,"RT @CCivicaCatalana: El Aeropuerto de Murcia no puede llamarse De la Cierva, cient√≠fico aeron√°utico inventor del autogiro pero el Estadio o‚Ä¶",josedam12458970,"Barcelona, Espa√±a"
,"RT @CCivicaCatalana: El Aeropuerto de Murcia no puede llamarse De la Cierva, cient√≠fico aeron√°utico inventor del autogiro pero el Estadio o‚Ä¶",JoseLEstevezMa,
,"RT @CCivicaCatalana: El Aeropuerto de Murcia no puede llamarse De la Cierva, cient√≠fico aeron√°utico inventor del autogiro pero el Estadio o‚Ä¶",CHUNITA76,
,"RT @CCivicaCatalana: El Aeropuerto de Murcia no puede llamarse De la Cierva, cient√≠fico aeron√°utico inventor del autogiro pero el Estadio o‚Ä¶",eldelasbodas74,por la obra... #leonesp
,"RT @BAERVenezuela: #8Jun | ¬°Venezuela Potencia! Con la articulaci√≥n entre @BAERVenezuela y Gobierno Regional, se materializ√≥ el arribo del‚Ä¶",Alejand166y,
,"RT @CCivicaCatalana: El Aeropuerto de Murcia no puede llamarse De la Cierva, cient√≠fico aeron√°utico inventor del autogiro pero el Estadio o‚Ä¶",carmendemiesp,
,"RT @CCivicaCatalana: El Aeropuerto de Murcia no puede llamarse De la Cierva, cient√≠fico aeron√°utico inventor del autogiro pero el Estadio o‚Ä¶",esquemeparto16,"Valladolid, Espa√±a"
,"RT @BAERVenezuela: #8Jun | D√≠a a d√≠a el Aeropuerto Inter. GD Jos√© Antonio Anzo√°tegui de Barcelona, garantiza a los pasajeros servicios de a‚Ä¶",Alejand166y,
,"RT @CCivicaCatalana: El Aeropuerto de Murcia no puede llamarse De la Cierva, cient√≠fico aeron√°utico inventor del autogiro pero el Estadio o‚Ä¶",genaro7711,
,"Inician vuelos de carga desde hac√≠a el Aeropuerto General Jos√© Antonio Anzo√°tegui de Barcelona (VE) üáªüá™ 

Este prime‚Ä¶ https://t.co/Bt6GXdWzcV",dgaviacion_,Venezuela
,"RT @CCivicaCatalana: El Aeropuerto de Murcia no puede llamarse De la Cierva, cient√≠fico aeron√°utico inventor del autogiro pero el Estadio o‚Ä¶",mjferreiro18_m,
,"RT @BAERVenezuela: #8Jun | D√≠a a d√≠a el Aeropuerto Inter. GD Jos√© Antonio Anzo√°tegui de Barcelona, garantiza a los pasajeros servicios de a‚Ä¶",WilsonS43452196,"Trujillo, Venezuela"
,"RT @CCivicaCatalana: El Aeropuerto de Murcia no puede llamarse De la Cierva, cient√≠fico aeron√°utico inventor del autogiro pero el Estadio o‚Ä¶",JulinRomero201,"Hu√©lamo, Cuenca"
,"RT @BAERVenezuela: #8Jun | D√≠a a d√≠a el Aeropuerto Inter. GD Jos√© Antonio Anzo√°tegui de Barcelona, garantiza a los pasajeros servicios de a‚Ä¶",BoniaMeli,
,"RT @CCivicaCatalana: El Aeropuerto de Murcia no puede llamarse De la Cierva, cient√≠fico aeron√°utico inventor del autogiro pero el Estadio o‚Ä¶",OlayoAlmudena,
,"RT @CCivicaCatalana: El Aeropuerto de Murcia no puede llamarse De la Cierva, cient√≠fico aeron√°utico inventor del autogiro pero el Estadio o‚Ä¶",Arriquitaun16,
,"RT @CCivicaCatalana: El Aeropuerto de Murcia no puede llamarse De la Cierva, cient√≠fico aeron√°utico inventor del autogiro pero el Estadio o‚Ä¶",isval49,Espa√±a
,"RT @CCivicaCatalana: El Aeropuerto de Murcia no puede llamarse De la Cierva, cient√≠fico aeron√°utico inventor del autogiro pero el Estadio o‚Ä¶",aralib,VENEZUELA
,"RT @BAERVenezuela: #8Jun | D√≠a a d√≠a el Aeropuerto Inter. GD Jos√© Antonio Anzo√°tegui de Barcelona, garantiza a los pasajeros servicios de a‚Ä¶",Aeropuertobna,"Anzo√°tegui, Venezuela"
,"RT @CCivicaCatalana: El Aeropuerto de Murcia no puede llamarse De la Cierva, cient√≠fico aeron√°utico inventor del autogiro pero el Estadio o‚Ä¶",PabloPavlito,"Madrid, Comunidad de Madrid"
,"RT @CCivicaCatalana: El Aeropuerto de Murcia no puede llamarse De la Cierva, cient√≠fico aeron√°utico inventor del autogiro pero el Estadio o‚Ä¶",mbosch28,
,"RT @CCivicaCatalana: El Aeropuerto de Murcia no puede llamarse De la Cierva, cient√≠fico aeron√°utico inventor del autogiro pero el Estadio o‚Ä¶",Anaponfe64,
,"RT @BAERVenezuela: #8Jun | D√≠a a d√≠a el Aeropuerto Inter. GD Jos√© Antonio Anzo√°tegui de Barcelona, garantiza a los pasajeros servicios de a‚Ä¶",AngelSa28397853,
,"RT @CCivicaCatalana: El Aeropuerto de Murcia no puede llamarse De la Cierva, cient√≠fico aeron√°utico inventor del autogiro pero el Estadio o‚Ä¶",MdelCarmenCampo,
,"#8Jun | D√≠a a d√≠a el Aeropuerto Inter. GD Jos√© Antonio Anzo√°tegui de Barcelona, garantiza a los pasajeros servicios‚Ä¶ https://t.co/J3YgOXEtVr",BAERVenezuela,"Caracas, Venezuela"
,"RT @BAERVenezuela: #8Jun | ¬°Venezuela Potencia! Con la articulaci√≥n entre @BAERVenezuela y Gobierno Regional, se materializ√≥ el arribo del‚Ä¶",Aeropuertobna,"Anzo√°tegui, Venezuela"
,"RT @CCivicaCatalana: El Aeropuerto de Murcia no puede llamarse De la Cierva, cient√≠fico aeron√°utico inventor del autogiro pero el Estadio o‚Ä¶",dorib13,
,"RT @CCivicaCatalana: El Aeropuerto de Murcia no puede llamarse De la Cierva, cient√≠fico aeron√°utico inventor del autogiro pero el Estadio o‚Ä¶",ngelJUSTICIERO2,
,"RT @CCivicaCatalana: El Aeropuerto de Murcia no puede llamarse De la Cierva, cient√≠fico aeron√°utico inventor del autogiro pero el Estadio o‚Ä¶",papaolez69,Narnia.cat
,"RT @CCivicaCatalana: El Aeropuerto de Murcia no puede llamarse De la Cierva, cient√≠fico aeron√°utico inventor del autogiro pero el Estadio o‚Ä¶",Luganofly,
,"RT @CCivicaCatalana: El Aeropuerto de Murcia no puede llamarse De la Cierva, cient√≠fico aeron√°utico inventor del autogiro pero el Estadio o‚Ä¶",jimenezrey1972,"Sevilla, Espa√±a"
,"RT @CCivicaCatalana: El Aeropuerto de Murcia no puede llamarse De la Cierva, cient√≠fico aeron√°utico inventor del autogiro pero el Estadio o‚Ä¶",Refesne,Espa√±a
,"RT @CCivicaCatalana: El Aeropuerto de Murcia no puede llamarse De la Cierva, cient√≠fico aeron√°utico inventor del autogiro pero el Estadio o‚Ä¶",JuandelaCosa11,Entre Santo√±a y Turbaco.
,"RT @CCivicaCatalana: El Aeropuerto de Murcia no puede llamarse De la Cierva, cient√≠fico aeron√°utico inventor del autogiro pero el Estadio o‚Ä¶",Carlos118881820,
,"RT @CCivicaCatalana: El Aeropuerto de Murcia no puede llamarse De la Cierva, cient√≠fico aeron√°utico inventor del autogiro pero el Estadio o‚Ä¶",chebolico,a tope con....
,"RT @CCivicaCatalana: El Aeropuerto de Murcia no puede llamarse De la Cierva, cient√≠fico aeron√°utico inventor del autogiro pero el Estadio o‚Ä¶",loremediaremos,
,"RT @CCivicaCatalana: El Aeropuerto de Murcia no puede llamarse De la Cierva, cient√≠fico aeron√°utico inventor del autogiro pero el Estadio o‚Ä¶",FerRPrieto,
,"RT @CCivicaCatalana: El Aeropuerto de Murcia no puede llamarse De la Cierva, cient√≠fico aeron√°utico inventor del autogiro pero el Estadio o‚Ä¶",Torrijamaldita,"Tarragona, Espa√±a"
,"RT @CCivicaCatalana: El Aeropuerto de Murcia no puede llamarse De la Cierva, cient√≠fico aeron√°utico inventor del autogiro pero el Estadio o‚Ä¶",FJoleaga,"Palma, en Mallorca"
,"RT @CCivicaCatalana: El Aeropuerto de Murcia no puede llamarse De la Cierva, cient√≠fico aeron√°utico inventor del autogiro pero el Estadio o‚Ä¶",CansinoCUP,"Catalu√ëa, Espa√±a"
,"RT @CCivicaCatalana: El Aeropuerto de Murcia no puede llamarse De la Cierva, cient√≠fico aeron√°utico inventor del autogiro pero el Estadio o‚Ä¶",dedocrata,R√≠o San Pedro
,"RT @CCivicaCatalana: El Aeropuerto de Murcia no puede llamarse De la Cierva, cient√≠fico aeron√°utico inventor del autogiro pero el Estadio o‚Ä¶",Al_MM03,"Murcia, Espa√±a "
,"RT @CCivicaCatalana: El Aeropuerto de Murcia no puede llamarse De la Cierva, cient√≠fico aeron√°utico inventor del autogiro pero el Estadio o‚Ä¶",jcsmlondon,"Madrid, Comunidad de Madrid"
,"RT @CCivicaCatalana: El Aeropuerto de Murcia no puede llamarse De la Cierva, cient√≠fico aeron√°utico inventor del autogiro pero el Estadio o‚Ä¶",ma_elcuervo,Espa√±a (Valencia)
,"RT @CCivicaCatalana: El Aeropuerto de Murcia no puede llamarse De la Cierva, cient√≠fico aeron√°utico inventor del autogiro pero el Estadio o‚Ä¶",juanaureliomart,"Cuenca, Espa√±a"
,"RT @CCivicaCatalana: El Aeropuerto de Murcia no puede llamarse De la Cierva, cient√≠fico aeron√°utico inventor del autogiro pero el Estadio o‚Ä¶",SusanaBlanca6,Espa√±a
,"RT @CCivicaCatalana: El Aeropuerto de Murcia no puede llamarse De la Cierva, cient√≠fico aeron√°utico inventor del autogiro pero el Estadio o‚Ä¶",MonteLuz2,un poco aqu√≠ un poco all√°
,"RT @CCivicaCatalana: El Aeropuerto de Murcia no puede llamarse De la Cierva, cient√≠fico aeron√°utico inventor del autogiro pero el Estadio o‚Ä¶",JuanyManuela1,Reino de Espa√±a
,"RT @CCivicaCatalana: El Aeropuerto de Murcia no puede llamarse De la Cierva, cient√≠fico aeron√°utico inventor del autogiro pero el Estadio o‚Ä¶",fimaau,
,"RT @CCivicaCatalana: El Aeropuerto de Murcia no puede llamarse De la Cierva, cient√≠fico aeron√°utico inventor del autogiro pero el Estadio o‚Ä¶",Soniague1,"Sevilla, Espa√±a"
,"RT @CCivicaCatalana: El Aeropuerto de Murcia no puede llamarse De la Cierva, cient√≠fico aeron√°utico inventor del autogiro pero el Estadio o‚Ä¶",AnaMariaSanNic1,
,"RT @CCivicaCatalana: El Aeropuerto de Murcia no puede llamarse De la Cierva, cient√≠fico aeron√°utico inventor del autogiro pero el Estadio o‚Ä¶",deadpool_esp_22,"El Paso, TX"
,"RT @CCivicaCatalana: El Aeropuerto de Murcia no puede llamarse De la Cierva, cient√≠fico aeron√°utico inventor del autogiro pero el Estadio o‚Ä¶",maine666,Madrid
,"RT @CCivicaCatalana: El Aeropuerto de Murcia no puede llamarse De la Cierva, cient√≠fico aeron√°utico inventor del autogiro pero el Estadio o‚Ä¶",andresi77,"C√°diz, Espa√±a"
,"RT @CCivicaCatalana: El Aeropuerto de Murcia no puede llamarse De la Cierva, cient√≠fico aeron√°utico inventor del autogiro pero el Estadio o‚Ä¶",LunaCkLunera,
,"RT @CCivicaCatalana: El Aeropuerto de Murcia no puede llamarse De la Cierva, cient√≠fico aeron√°utico inventor del autogiro pero el Estadio o‚Ä¶",MACD53207993,
,"RT @CCivicaCatalana: El Aeropuerto de Murcia no puede llamarse De la Cierva, cient√≠fico aeron√°utico inventor del autogiro pero el Estadio o‚Ä¶",CostureraLibros,
,"RT @CCivicaCatalana: El Aeropuerto de Murcia no puede llamarse De la Cierva, cient√≠fico aeron√°utico inventor del autogiro pero el Estadio o‚Ä¶",Blancan01602074,
,"RT @CCivicaCatalana: El Aeropuerto de Murcia no puede llamarse De la Cierva, cient√≠fico aeron√°utico inventor del autogiro pero el Estadio o‚Ä¶",Krasnibor1943,
,"RT @CCivicaCatalana: El Aeropuerto de Murcia no puede llamarse De la Cierva, cient√≠fico aeron√°utico inventor del autogiro pero el Estadio o‚Ä¶",agarita27,
,"RT @CCivicaCatalana: El Aeropuerto de Murcia no puede llamarse De la Cierva, cient√≠fico aeron√°utico inventor del autogiro pero el Estadio o‚Ä¶",CSJ_bcn,Barcelona- Espa√±a
,"RT @CCivicaCatalana: El Aeropuerto de Murcia no puede llamarse De la Cierva, cient√≠fico aeron√°utico inventor del autogiro pero el Estadio o‚Ä¶",isinasa2,Barcelona
,"RT @CCivicaCatalana: El Aeropuerto de Murcia no puede llamarse De la Cierva, cient√≠fico aeron√°utico inventor del autogiro pero el Estadio o‚Ä¶",manu_atm4,"Infantes, Madrid, Espa√±a"
,"RT @CCivicaCatalana: El Aeropuerto de Murcia no puede llamarse De la Cierva, cient√≠fico aeron√°utico inventor del autogiro pero el Estadio o‚Ä¶",DrStrangeisback,Kamar-taj (‡§ï‡§Æ‡§æ‡§∞-‡§§‡§æ‡§ú)Multiverso
,"RT @BAERVenezuela: #8Jun | ¬°Venezuela Potencia! Con la articulaci√≥n entre @BAERVenezuela y Gobierno Regional, se materializ√≥ el arribo del‚Ä¶",euge_e,
,"RT @CCivicaCatalana: El Aeropuerto de Murcia no puede llamarse De la Cierva, cient√≠fico aeron√°utico inventor del autogiro pero el Estadio o‚Ä¶",karolalorelain,"Sevilla, Espa√±a"
,"RT @CCivicaCatalana: El Aeropuerto de Murcia no puede llamarse De la Cierva, cient√≠fico aeron√°utico inventor del autogiro pero el Estadio o‚Ä¶",Salvado12657751,"Andaluc√≠a, Espa√±a"
,"RT @CCivicaCatalana: El Aeropuerto de Murcia no puede llamarse De la Cierva, cient√≠fico aeron√°utico inventor del autogiro pero el Estadio o‚Ä¶",seshet13,Almer√≠a
,"RT @CCivicaCatalana: El Aeropuerto de Murcia no puede llamarse De la Cierva, cient√≠fico aeron√°utico inventor del autogiro pero el Estadio o‚Ä¶",Montse39168269,
,"RT @CCivicaCatalana: El Aeropuerto de Murcia no puede llamarse De la Cierva, cient√≠fico aeron√°utico inventor del autogiro pero el Estadio o‚Ä¶",NcleoIrradiado1,
,"RT @CCivicaCatalana: El Aeropuerto de Murcia no puede llamarse De la Cierva, cient√≠fico aeron√°utico inventor del autogiro pero el Estadio o‚Ä¶",MjRubio12,Espa√±a
,"RT @CCivicaCatalana: El Aeropuerto de Murcia no puede llamarse De la Cierva, cient√≠fico aeron√°utico inventor del autogiro pero el Estadio o‚Ä¶",maribel_viral_0,"Barcelona, Espa√±a"
,"RT @CCivicaCatalana: El Aeropuerto de Murcia no puede llamarse De la Cierva, cient√≠fico aeron√°utico inventor del autogiro pero el Estadio o‚Ä¶",MaCauthon,
,"RT @CCivicaCatalana: El Aeropuerto de Murcia no puede llamarse De la Cierva, cient√≠fico aeron√°utico inventor del autogiro pero el Estadio o‚Ä¶",BrigChurruca,
,"RT @CCivicaCatalana: El Aeropuerto de Murcia no puede llamarse De la Cierva, cient√≠fico aeron√°utico inventor del autogiro pero el Estadio o‚Ä¶",Bluebird07271,
,"RT @BAERVenezuela: #8Jun | ¬°Venezuela Potencia! Con la articulaci√≥n entre @BAERVenezuela y Gobierno Regional, se materializ√≥ el arribo del‚Ä¶",LaLlane29727912,
,"RT @BAERVenezuela: #8Jun | ¬°Venezuela Potencia! Con la articulaci√≥n entre @BAERVenezuela y Gobierno Regional, se materializ√≥ el arribo del‚Ä¶",lrrc2020,
,"RT @CCivicaCatalana: El Aeropuerto de Murcia no puede llamarse De la Cierva, cient√≠fico aeron√°utico inventor del autogiro pero el Estadio o‚Ä¶",IOVOI44,
,"RT @CCivicaCatalana: El Aeropuerto de Murcia no puede llamarse De la Cierva, cient√≠fico aeron√°utico inventor del autogiro pero el Estadio o‚Ä¶",ChusOrtizSimal,Madrid
,"RT @CCivicaCatalana: El Aeropuerto de Murcia no puede llamarse De la Cierva, cient√≠fico aeron√°utico inventor del autogiro pero el Estadio o‚Ä¶",papaole69,Espa√±a
,"RT @CCivicaCatalana: El Aeropuerto de Murcia no puede llamarse De la Cierva, cient√≠fico aeron√°utico inventor del autogiro pero el Estadio o‚Ä¶",Doming1Fj,Huescar
,"RT @CCivicaCatalana: El Aeropuerto de Murcia no puede llamarse De la Cierva, cient√≠fico aeron√°utico inventor del autogiro pero el Estadio o‚Ä¶",BotSecundario,
,"RT @CCivicaCatalana: El Aeropuerto de Murcia no puede llamarse De la Cierva, cient√≠fico aeron√°utico inventor del autogiro pero el Estadio o‚Ä¶",garrido_Tweets,Madrid. Espa√±a
,"RT @CCivicaCatalana: El Aeropuerto de Murcia no puede llamarse De la Cierva, cient√≠fico aeron√°utico inventor del autogiro pero el Estadio o‚Ä¶",CastrilloChema1,Oviedo
,"RT @CCivicaCatalana: El Aeropuerto de Murcia no puede llamarse De la Cierva, cient√≠fico aeron√°utico inventor del autogiro pero el Estadio o‚Ä¶",rookieeveryday1,
,"RT @BAERVenezuela: #8Jun | ¬°Venezuela Potencia! Con la articulaci√≥n entre @BAERVenezuela y Gobierno Regional, se materializ√≥ el arribo del‚Ä¶",betzay98,"Los Teques, Venezuela"
,"RT @CCivicaCatalana: El Aeropuerto de Murcia no puede llamarse De la Cierva, cient√≠fico aeron√°utico inventor del autogiro pero el Estadio o‚Ä¶",rafaelsanchez12,France
,"RT @CCivicaCatalana: El Aeropuerto de Murcia no puede llamarse De la Cierva, cient√≠fico aeron√°utico inventor del autogiro pero el Estadio o‚Ä¶",pool794,Espa√±a
,"RT @BAERVenezuela: #8Jun | ¬°Venezuela Potencia! Con la articulaci√≥n entre @BAERVenezuela y Gobierno Regional, se materializ√≥ el arribo del‚Ä¶",estefany260403,
,"RT @CCivicaCatalana: El Aeropuerto de Murcia no puede llamarse De la Cierva, cient√≠fico aeron√°utico inventor del autogiro pero el Estadio o‚Ä¶",SaraUjja,
,"RT @BAERVenezuela: #8Jun | ¬°Venezuela Potencia! Con la articulaci√≥n entre @BAERVenezuela y Gobierno Regional, se materializ√≥ el arribo del‚Ä¶",MarcelitaMedin4,
,"RT @CCivicaCatalana: El Aeropuerto de Murcia no puede llamarse De la Cierva, cient√≠fico aeron√°utico inventor del autogiro pero el Estadio o‚Ä¶",senecapati,
,"RT @CCivicaCatalana: El Aeropuerto de Murcia no puede llamarse De la Cierva, cient√≠fico aeron√°utico inventor del autogiro pero el Estadio o‚Ä¶",aivagahco,
,"RT @CCivicaCatalana: El Aeropuerto de Murcia no puede llamarse De la Cierva, cient√≠fico aeron√°utico inventor del autogiro pero el Estadio o‚Ä¶",Malakadiz,
,"RT @CCivicaCatalana: El Aeropuerto de Murcia no puede llamarse De la Cierva, cient√≠fico aeron√°utico inventor del autogiro pero el Estadio o‚Ä¶",_Juankar_,"San Sebasti√°n de los Reyes, Es"
,"RT @CCivicaCatalana: El Aeropuerto de Murcia no puede llamarse De la Cierva, cient√≠fico aeron√°utico inventor del autogiro pero el Estadio o‚Ä¶",joselebsm,
,RT @ReginadelC: Y pues na‚Äôa que ya he llegao a Barcelona. Y que aqu√≠ todos se llaman Jos√© algo. Le he preguntao a Jos√© el del aeropuerto qu‚Ä¶,RamonMelchor20,
,"RT @CCivicaCatalana: El Aeropuerto de Murcia no puede llamarse De la Cierva, cient√≠fico aeron√°utico inventor del autogiro pero el Estadio o‚Ä¶",pasiterec4,Guadalajara
,"RT @CCivicaCatalana: El Aeropuerto de Murcia no puede llamarse De la Cierva, cient√≠fico aeron√°utico inventor del autogiro pero el Estadio o‚Ä¶",rmartigui,
,"RT @CCivicaCatalana: El Aeropuerto de Murcia no puede llamarse De la Cierva, cient√≠fico aeron√°utico inventor del autogiro pero el Estadio o‚Ä¶",carabinadeambro,
,"RT @CCivicaCatalana: El Aeropuerto de Murcia no puede llamarse De la Cierva, cient√≠fico aeron√°utico inventor del autogiro pero el Estadio o‚Ä¶",cholo_siempre,
,"#8Jun | ¬°Venezuela Potencia! Con la articulaci√≥n entre @BAERVenezuela y Gobierno Regional, se materializ√≥ el arribo‚Ä¶ https://t.co/NpephoA38T",BAERVenezuela,"Caracas, Venezuela"
,"RT @CCivicaCatalana: El Aeropuerto de Murcia no puede llamarse De la Cierva, cient√≠fico aeron√°utico inventor del autogiro pero el Estadio o‚Ä¶",trangolillo,
,"RT @CCivicaCatalana: El Aeropuerto de Murcia no puede llamarse De la Cierva, cient√≠fico aeron√°utico inventor del autogiro pero el Estadio o‚Ä¶",HernnCortes,Tenochtitlan
,"RT @CCivicaCatalana: El Aeropuerto de Murcia no puede llamarse De la Cierva, cient√≠fico aeron√°utico inventor del autogiro pero el Estadio o‚Ä¶",rosiealnutt,
,"RT @CCivicaCatalana: El Aeropuerto de Murcia no puede llamarse De la Cierva, cient√≠fico aeron√°utico inventor del autogiro pero el Estadio o‚Ä¶",fragonfernan,"Le√≥n, Espa√±a"
,"RT @CCivicaCatalana: El Aeropuerto de Murcia no puede llamarse De la Cierva, cient√≠fico aeron√°utico inventor del autogiro pero el Estadio o‚Ä¶",KhintiIa,
,"RT @CCivicaCatalana: El Aeropuerto de Murcia no puede llamarse De la Cierva, cient√≠fico aeron√°utico inventor del autogiro pero el Estadio o‚Ä¶",extremeo3,
,"RT @CCivicaCatalana: El Aeropuerto de Murcia no puede llamarse De la Cierva, cient√≠fico aeron√°utico inventor del autogiro pero el Estadio o‚Ä¶",SERVICAN_VALL,valladolid
,"RT @CCivicaCatalana: El Aeropuerto de Murcia no puede llamarse De la Cierva, cient√≠fico aeron√°utico inventor del autogiro pero el Estadio o‚Ä¶",dabego44,Espa√±a
,"RT @CCivicaCatalana: El Aeropuerto de Murcia no puede llamarse De la Cierva, cient√≠fico aeron√°utico inventor del autogiro pero el Estadio o‚Ä¶",verabcn,Barcelona - Espa√±a
,"RT @CCivicaCatalana: El Aeropuerto de Murcia no puede llamarse De la Cierva, cient√≠fico aeron√°utico inventor del autogiro pero el Estadio o‚Ä¶",cbpilar5,"A Coru√±a, Espa√±a"
,"RT @CCivicaCatalana: El Aeropuerto de Murcia no puede llamarse De la Cierva, cient√≠fico aeron√°utico inventor del autogiro pero el Estadio o‚Ä¶",alvacula,Espa√±a
,"RT @CCivicaCatalana: El Aeropuerto de Murcia no puede llamarse De la Cierva, cient√≠fico aeron√°utico inventor del autogiro pero el Estadio o‚Ä¶",uovaxikoc,
,"RT @CCivicaCatalana: El Aeropuerto de Murcia no puede llamarse De la Cierva, cient√≠fico aeron√°utico inventor del autogiro pero el Estadio o‚Ä¶",Wish73M,
,"RT @CCivicaCatalana: El Aeropuerto de Murcia no puede llamarse De la Cierva, cient√≠fico aeron√°utico inventor del autogiro pero el Estadio o‚Ä¶",LuisSobradillo,
,"RT @CCivicaCatalana: El Aeropuerto de Murcia no puede llamarse De la Cierva, cient√≠fico aeron√°utico inventor del autogiro pero el Estadio o‚Ä¶",nominefi,Espa√±a
,"RT @CCivicaCatalana: El Aeropuerto de Murcia no puede llamarse De la Cierva, cient√≠fico aeron√°utico inventor del autogiro pero el Estadio o‚Ä¶",juanmiguel03,Venezuela
,"RT @CCivicaCatalana: El Aeropuerto de Murcia no puede llamarse De la Cierva, cient√≠fico aeron√°utico inventor del autogiro pero el Estadio o‚Ä¶",CatafractoRMCF,
,"RT @CCivicaCatalana: El Aeropuerto de Murcia no puede llamarse De la Cierva, cient√≠fico aeron√°utico inventor del autogiro pero el Estadio o‚Ä¶",PedroVallado68,"Valladolid, Espa√±a"
,"RT @CCivicaCatalana: El Aeropuerto de Murcia no puede llamarse De la Cierva, cient√≠fico aeron√°utico inventor del autogiro pero el Estadio o‚Ä¶",matahe1960,
,"RT @CCivicaCatalana: El Aeropuerto de Murcia no puede llamarse De la Cierva, cient√≠fico aeron√°utico inventor del autogiro pero el Estadio o‚Ä¶",Andaya2604,Spain
,Tenia mi vuelo en la ma√±ana a Barcelona y K me marco a las 6 am en PUNTO para asegurarse que llegara a tiempo al aeropuerto ajaj  &lt;333,pugdiani,Cdmx 
,"RT @CCivicaCatalana: El Aeropuerto de Murcia no puede llamarse De la Cierva, cient√≠fico aeron√°utico inventor del autogiro pero el Estadio o‚Ä¶",merbasura,
,"RT @CCivicaCatalana: El Aeropuerto de Murcia no puede llamarse De la Cierva, cient√≠fico aeron√°utico inventor del autogiro pero el Estadio o‚Ä¶",dosdemayo10,Madrid
,"RT @CCivicaCatalana: El Aeropuerto de Murcia no puede llamarse De la Cierva, cient√≠fico aeron√°utico inventor del autogiro pero el Estadio o‚Ä¶",GGP00586294,
,"RT @CCivicaCatalana: El Aeropuerto de Murcia no puede llamarse De la Cierva, cient√≠fico aeron√°utico inventor del autogiro pero el Estadio o‚Ä¶",avefrialofrave,"UO-GC, Barcelona (Espa√±a)"
,"RT @CCivicaCatalana: El Aeropuerto de Murcia no puede llamarse De la Cierva, cient√≠fico aeron√°utico inventor del autogiro pero el Estadio o‚Ä¶",LARO71677974,
,"RT @CCivicaCatalana: El Aeropuerto de Murcia no puede llamarse De la Cierva, cient√≠fico aeron√°utico inventor del autogiro pero el Estadio o‚Ä¶",VUL97737767,
,"RT @CCivicaCatalana: El Aeropuerto de Murcia no puede llamarse De la Cierva, cient√≠fico aeron√°utico inventor del autogiro pero el Estadio o‚Ä¶",majofer73,Region de Murcia
,"RT @CCivicaCatalana: El Aeropuerto de Murcia no puede llamarse De la Cierva, cient√≠fico aeron√°utico inventor del autogiro pero el Estadio o‚Ä¶",Rohrltoca,Madrid
,"RT @CCivicaCatalana: El Aeropuerto de Murcia no puede llamarse De la Cierva, cient√≠fico aeron√°utico inventor del autogiro pero el Estadio o‚Ä¶",JMSuarez82,
,"RT @CCivicaCatalana: El Aeropuerto de Murcia no puede llamarse De la Cierva, cient√≠fico aeron√°utico inventor del autogiro pero el Estadio o‚Ä¶",Roberto10883980,
,"RT @CCivicaCatalana: El Aeropuerto de Murcia no puede llamarse De la Cierva, cient√≠fico aeron√°utico inventor del autogiro pero el Estadio o‚Ä¶",Facundo95940342,
,"RT @CCivicaCatalana: El Aeropuerto de Murcia no puede llamarse De la Cierva, cient√≠fico aeron√°utico inventor del autogiro pero el Estadio o‚Ä¶",scorralgon,"Villaviciosa de Od√≥n, Espa√±a"
,"RT @CCivicaCatalana: El Aeropuerto de Murcia no puede llamarse De la Cierva, cient√≠fico aeron√°utico inventor del autogiro pero el Estadio o‚Ä¶",jjlknt1,"Comunidad Valenciana, Espa√±a"
,"RT @CCivicaCatalana: El Aeropuerto de Murcia no puede llamarse De la Cierva, cient√≠fico aeron√°utico inventor del autogiro pero el Estadio o‚Ä¶",KIKOCASTLE,
,"RT @CCivicaCatalana: El Aeropuerto de Murcia no puede llamarse De la Cierva, cient√≠fico aeron√°utico inventor del autogiro pero el Estadio o‚Ä¶",potolix_,
,"RT @CCivicaCatalana: El Aeropuerto de Murcia no puede llamarse De la Cierva, cient√≠fico aeron√°utico inventor del autogiro pero el Estadio o‚Ä¶",Raul_GI,
,"RT @CCivicaCatalana: El Aeropuerto de Murcia no puede llamarse De la Cierva, cient√≠fico aeron√°utico inventor del autogiro pero el Estadio o‚Ä¶",revengalonso,
,"RT @CCivicaCatalana: El Aeropuerto de Murcia no puede llamarse De la Cierva, cient√≠fico aeron√°utico inventor del autogiro pero el Estadio o‚Ä¶",JuanCarlosNGC,
,"RT @CCivicaCatalana: El Aeropuerto de Murcia no puede llamarse De la Cierva, cient√≠fico aeron√°utico inventor del autogiro pero el Estadio o‚Ä¶",guardamanda,
,"RT @CCivicaCatalana: El Aeropuerto de Murcia no puede llamarse De la Cierva, cient√≠fico aeron√°utico inventor del autogiro pero el Estadio o‚Ä¶",pepepousa,
,"RT @CCivicaCatalana: El Aeropuerto de Murcia no puede llamarse De la Cierva, cient√≠fico aeron√°utico inventor del autogiro pero el Estadio o‚Ä¶",aliciarguzman,
,"RT @CCivicaCatalana: El Aeropuerto de Murcia no puede llamarse De la Cierva, cient√≠fico aeron√°utico inventor del autogiro pero el Estadio o‚Ä¶",Migueln06835293,
,"RT @CCivicaCatalana: El Aeropuerto de Murcia no puede llamarse De la Cierva, cient√≠fico aeron√°utico inventor del autogiro pero el Estadio o‚Ä¶",DrDomd,Noruega
,"RT @CCivicaCatalana: El Aeropuerto de Murcia no puede llamarse De la Cierva, cient√≠fico aeron√°utico inventor del autogiro pero el Estadio o‚Ä¶",CarlosB02202490,
,"RT @CCivicaCatalana: El Aeropuerto de Murcia no puede llamarse De la Cierva, cient√≠fico aeron√°utico inventor del autogiro pero el Estadio o‚Ä¶",Gregori65587721,
,"RT @CCivicaCatalana: El Aeropuerto de Murcia no puede llamarse De la Cierva, cient√≠fico aeron√°utico inventor del autogiro pero el Estadio o‚Ä¶",esclavo71,
,"RT @CCivicaCatalana: El Aeropuerto de Murcia no puede llamarse De la Cierva, cient√≠fico aeron√°utico inventor del autogiro pero el Estadio o‚Ä¶",PedroLuisGarri3,"M√°laga, Espa√±a"
,"RT @CCivicaCatalana: El Aeropuerto de Murcia no puede llamarse De la Cierva, cient√≠fico aeron√°utico inventor del autogiro pero el Estadio o‚Ä¶",HoracioManchola,
,"RT @CCivicaCatalana: El Aeropuerto de Murcia no puede llamarse De la Cierva, cient√≠fico aeron√°utico inventor del autogiro pero el Estadio o‚Ä¶",86Philomena,"Toledo, Espa√±a"
,"RT @CCivicaCatalana: El Aeropuerto de Murcia no puede llamarse De la Cierva, cient√≠fico aeron√°utico inventor del autogiro pero el Estadio o‚Ä¶",MaOATR,
,"RT @CCivicaCatalana: El Aeropuerto de Murcia no puede llamarse De la Cierva, cient√≠fico aeron√°utico inventor del autogiro pero el Estadio o‚Ä¶",Pedro586301701,
,"RT @CCivicaCatalana: El Aeropuerto de Murcia no puede llamarse De la Cierva, cient√≠fico aeron√°utico inventor del autogiro pero el Estadio o‚Ä¶",RosoAngel,
,El aeropuerto es una de las bases sobre la que se construye la riqueza comercial de Barcelona y Catalu√±a. Sin su am‚Ä¶ https://t.co/f3wt2jXo1Z,eugosan,
,"RT @josemanuelorus: El Aeropuerto de Murcia no puede llamarse De la Cierva, cient√≠fico aeron√°utico inventor del autogiro pero el Estadio ol‚Ä¶",doramas52,Las Palmas 
,"RT @CCivicaCatalana: El Aeropuerto de Murcia no puede llamarse De la Cierva, cient√≠fico aeron√°utico inventor del autogiro pero el Estadio o‚Ä¶",temple1681,"Madrid, Espa√±a"
,"RT @CCivicaCatalana: El Aeropuerto de Murcia no puede llamarse De la Cierva, cient√≠fico aeron√°utico inventor del autogiro pero el Estadio o‚Ä¶",kmporuntubo,
,"RT @BAERVenezuela: #8Jun | @BAERVenezuela encabez√≥ conversatorio en el Aeropuerto Int. de GD Jos√© Antonio Anzo√°tegui de Barcelona, dirigido‚Ä¶",fenix0511,
,"RT @CCivicaCatalana: El Aeropuerto de Murcia no puede llamarse De la Cierva, cient√≠fico aeron√°utico inventor del autogiro pero el Estadio o‚Ä¶",carmenmesi,"Granada, Espa√±a"
,"RT @CCivicaCatalana: El Aeropuerto de Murcia no puede llamarse De la Cierva, cient√≠fico aeron√°utico inventor del autogiro pero el Estadio o‚Ä¶",rosa_arregui,"Palma, Espa√±a"
,"RT @CCivicaCatalana: El Aeropuerto de Murcia no puede llamarse De la Cierva, cient√≠fico aeron√°utico inventor del autogiro pero el Estadio o‚Ä¶",Concepc50910440,albacete
,"RT @CCivicaCatalana: El Aeropuerto de Murcia no puede llamarse De la Cierva, cient√≠fico aeron√°utico inventor del autogiro pero el Estadio o‚Ä¶",OChirupa,
,"RT @CCivicaCatalana: El Aeropuerto de Murcia no puede llamarse De la Cierva, cient√≠fico aeron√°utico inventor del autogiro pero el Estadio o‚Ä¶",ManoloCooper,Madrid. Espa√±a.
,"RT @CCivicaCatalana: El Aeropuerto de Murcia no puede llamarse De la Cierva, cient√≠fico aeron√°utico inventor del autogiro pero el Estadio o‚Ä¶",aselenita,
,"RT @CCivicaCatalana: El Aeropuerto de Murcia no puede llamarse De la Cierva, cient√≠fico aeron√°utico inventor del autogiro pero el Estadio o‚Ä¶",Marga29042962,"Cantabria, Espa√±a"
,"RT @CCivicaCatalana: El Aeropuerto de Murcia no puede llamarse De la Cierva, cient√≠fico aeron√°utico inventor del autogiro pero el Estadio o‚Ä¶",alhambra_luis,
,"RT @CCivicaCatalana: El Aeropuerto de Murcia no puede llamarse De la Cierva, cient√≠fico aeron√°utico inventor del autogiro pero el Estadio o‚Ä¶",brisitarica,
,"RT @CCivicaCatalana: El Aeropuerto de Murcia no puede llamarse De la Cierva, cient√≠fico aeron√°utico inventor del autogiro pero el Estadio o‚Ä¶",Ramon_g1,FROM PORT SA PLAYA WITH LOVE
,"RT @CCivicaCatalana: El Aeropuerto de Murcia no puede llamarse De la Cierva, cient√≠fico aeron√°utico inventor del autogiro pero el Estadio o‚Ä¶",Andrs90819601,
,"RT @CCivicaCatalana: El Aeropuerto de Murcia no puede llamarse De la Cierva, cient√≠fico aeron√°utico inventor del autogiro pero el Estadio o‚Ä¶",tomasmezabaez,
,"RT @CCivicaCatalana: El Aeropuerto de Murcia no puede llamarse De la Cierva, cient√≠fico aeron√°utico inventor del autogiro pero el Estadio o‚Ä¶",CafeVinuesa,Carmen Medrano S/n Logro√±o
,"RT @CCivicaCatalana: El Aeropuerto de Murcia no puede llamarse De la Cierva, cient√≠fico aeron√°utico inventor del autogiro pero el Estadio o‚Ä¶",SMLauri,Cervera del Llano
,"RT @CCivicaCatalana: El Aeropuerto de Murcia no puede llamarse De la Cierva, cient√≠fico aeron√°utico inventor del autogiro pero el Estadio o‚Ä¶",gregoriohs68,"Murcia, Regi√≥n de Murcia"
,"RT @CCivicaCatalana: El Aeropuerto de Murcia no puede llamarse De la Cierva, cient√≠fico aeron√°utico inventor del autogiro pero el Estadio o‚Ä¶",jcdiazlasala,MN ML MH MB SH e I Zaragoza
,"RT @CCivicaCatalana: El Aeropuerto de Murcia no puede llamarse De la Cierva, cient√≠fico aeron√°utico inventor del autogiro pero el Estadio o‚Ä¶",BolivarSole,
,"RT @CCivicaCatalana: El Aeropuerto de Murcia no puede llamarse De la Cierva, cient√≠fico aeron√°utico inventor del autogiro pero el Estadio o‚Ä¶",JoseManuelRosaP,"Sevilla, Espa√±a"
,"RT @CCivicaCatalana: El Aeropuerto de Murcia no puede llamarse De la Cierva, cient√≠fico aeron√°utico inventor del autogiro pero el Estadio o‚Ä¶",MarcoAn94490271,"Reino de Espa√±a,Madrid"
,"RT @CCivicaCatalana: El Aeropuerto de Murcia no puede llamarse De la Cierva, cient√≠fico aeron√°utico inventor del autogiro pero el Estadio o‚Ä¶",HEISENBER123,
,"RT @CCivicaCatalana: El Aeropuerto de Murcia no puede llamarse De la Cierva, cient√≠fico aeron√°utico inventor del autogiro pero el Estadio o‚Ä¶",Pati7lla,Se√±orio es morir en el campo 
,"RT @CCivicaCatalana: El Aeropuerto de Murcia no puede llamarse De la Cierva, cient√≠fico aeron√°utico inventor del autogiro pero el Estadio o‚Ä¶",ManuelZahera,Madrid
,"RT @CCivicaCatalana: El Aeropuerto de Murcia no puede llamarse De la Cierva, cient√≠fico aeron√°utico inventor del autogiro pero el Estadio o‚Ä¶",Ardidillo,
,"RT @CCivicaCatalana: El Aeropuerto de Murcia no puede llamarse De la Cierva, cient√≠fico aeron√°utico inventor del autogiro pero el Estadio o‚Ä¶",AlfredReyesBCN,Barcelona
,RT @ReginadelC: Y pues na‚Äôa que ya he llegao a Barcelona. Y que aqu√≠ todos se llaman Jos√© algo. Le he preguntao a Jos√© el del aeropuerto qu‚Ä¶,Lupita3Oscar,D.F.üá≤üáΩ
,"RT @CCivicaCatalana: El Aeropuerto de Murcia no puede llamarse De la Cierva, cient√≠fico aeron√°utico inventor del autogiro pero el Estadio o‚Ä¶",Jlc93030529,
,"RT @CCivicaCatalana: El Aeropuerto de Murcia no puede llamarse De la Cierva, cient√≠fico aeron√°utico inventor del autogiro pero el Estadio o‚Ä¶",villarquemado,Teruel
,"RT @CCivicaCatalana: El Aeropuerto de Murcia no puede llamarse De la Cierva, cient√≠fico aeron√°utico inventor del autogiro pero el Estadio o‚Ä¶",LeticiaPerezP15,
,"RT @CCivicaCatalana: El Aeropuerto de Murcia no puede llamarse De la Cierva, cient√≠fico aeron√°utico inventor del autogiro pero el Estadio o‚Ä¶",CorkyHamper,Spain
,"RT @CCivicaCatalana: El Aeropuerto de Murcia no puede llamarse De la Cierva, cient√≠fico aeron√°utico inventor del autogiro pero el Estadio o‚Ä¶",TRACER69086,
,"RT @CCivicaCatalana: El Aeropuerto de Murcia no puede llamarse De la Cierva, cient√≠fico aeron√°utico inventor del autogiro pero el Estadio o‚Ä¶",GeleJofre,
,"RT @CCivicaCatalana: El Aeropuerto de Murcia no puede llamarse De la Cierva, cient√≠fico aeron√°utico inventor del autogiro pero el Estadio o‚Ä¶",AntoAmat,
,"RT @CCivicaCatalana: El Aeropuerto de Murcia no puede llamarse De la Cierva, cient√≠fico aeron√°utico inventor del autogiro pero el Estadio o‚Ä¶",MdelValleCaas,
,"RT @CCivicaCatalana: El Aeropuerto de Murcia no puede llamarse De la Cierva, cient√≠fico aeron√°utico inventor del autogiro pero el Estadio o‚Ä¶",ATonoMD,Espa√±a
,"RT @CCivicaCatalana: El Aeropuerto de Murcia no puede llamarse De la Cierva, cient√≠fico aeron√°utico inventor del autogiro pero el Estadio o‚Ä¶",JManuel1949,
,"RT @CCivicaCatalana: El Aeropuerto de Murcia no puede llamarse De la Cierva, cient√≠fico aeron√°utico inventor del autogiro pero el Estadio o‚Ä¶",camarotegroucho,
,"RT @CCivicaCatalana: El Aeropuerto de Murcia no puede llamarse De la Cierva, cient√≠fico aeron√°utico inventor del autogiro pero el Estadio o‚Ä¶",PedroLp24266366,
,"RT @CCivicaCatalana: El Aeropuerto de Murcia no puede llamarse De la Cierva, cient√≠fico aeron√°utico inventor del autogiro pero el Estadio o‚Ä¶",cruzortiz1011,"Vigo, Espa√±a"
,"RT @CCivicaCatalana: El Aeropuerto de Murcia no puede llamarse De la Cierva, cient√≠fico aeron√°utico inventor del autogiro pero el Estadio o‚Ä¶",amvalerop,Espa√±a
,"RT @CCivicaCatalana: El Aeropuerto de Murcia no puede llamarse De la Cierva, cient√≠fico aeron√°utico inventor del autogiro pero el Estadio o‚Ä¶",CompotadeCerdo,
,"RT @CCivicaCatalana: El Aeropuerto de Murcia no puede llamarse De la Cierva, cient√≠fico aeron√°utico inventor del autogiro pero el Estadio o‚Ä¶",Rubenrubo33,LEON
,"RT @CCivicaCatalana: El Aeropuerto de Murcia no puede llamarse De la Cierva, cient√≠fico aeron√°utico inventor del autogiro pero el Estadio o‚Ä¶",AlanaBlaya,
,"RT @CCivicaCatalana: El Aeropuerto de Murcia no puede llamarse De la Cierva, cient√≠fico aeron√°utico inventor del autogiro pero el Estadio o‚Ä¶",Valentn80328018,"Orense, Espa√±a"
,"RT @CCivicaCatalana: El Aeropuerto de Murcia no puede llamarse De la Cierva, cient√≠fico aeron√°utico inventor del autogiro pero el Estadio o‚Ä¶",2iTiwalk,
,"RT @CCivicaCatalana: El Aeropuerto de Murcia no puede llamarse De la Cierva, cient√≠fico aeron√°utico inventor del autogiro pero el Estadio o‚Ä¶",kokobalta,Madrid
,"RT @CCivicaCatalana: El Aeropuerto de Murcia no puede llamarse De la Cierva, cient√≠fico aeron√°utico inventor del autogiro pero el Estadio o‚Ä¶",Sumanuel669,
,"RT @josemanuelorus: El Aeropuerto de Murcia no puede llamarse De la Cierva, cient√≠fico aeron√°utico inventor del autogiro pero el Estadio ol‚Ä¶",AndresAgustinD2,
,"RT @CCivicaCatalana: El Aeropuerto de Murcia no puede llamarse De la Cierva, cient√≠fico aeron√°utico inventor del autogiro pero el Estadio o‚Ä¶",ALVAROAVI,A este paso... Covadonga
,"RT @CCivicaCatalana: El Aeropuerto de Murcia no puede llamarse De la Cierva, cient√≠fico aeron√°utico inventor del autogiro pero el Estadio o‚Ä¶",a_rocaymar,Espa√±a
,"RT @CCivicaCatalana: El Aeropuerto de Murcia no puede llamarse De la Cierva, cient√≠fico aeron√°utico inventor del autogiro pero el Estadio o‚Ä¶",JoseA_Bergua,"Tokyo-to, Japan"
,"RT @CCivicaCatalana: El Aeropuerto de Murcia no puede llamarse De la Cierva, cient√≠fico aeron√°utico inventor del autogiro pero el Estadio o‚Ä¶",fernandodelaca2,
,"RT @CCivicaCatalana: El Aeropuerto de Murcia no puede llamarse De la Cierva, cient√≠fico aeron√°utico inventor del autogiro pero el Estadio o‚Ä¶",SerranoRomero42,
,"RT @CCivicaCatalana: El Aeropuerto de Murcia no puede llamarse De la Cierva, cient√≠fico aeron√°utico inventor del autogiro pero el Estadio o‚Ä¶",Pablo89958436,
,"RT @CCivicaCatalana: El Aeropuerto de Murcia no puede llamarse De la Cierva, cient√≠fico aeron√°utico inventor del autogiro pero el Estadio o‚Ä¶",Azalea_2018,
,RT @ReginadelC: Y pues na‚Äôa que ya he llegao a Barcelona. Y que aqu√≠ todos se llaman Jos√© algo. Le he preguntao a Jos√© el del aeropuerto qu‚Ä¶,Vero0791,CDMX
,"RT @CCivicaCatalana: El Aeropuerto de Murcia no puede llamarse De la Cierva, cient√≠fico aeron√°utico inventor del autogiro pero el Estadio o‚Ä¶",tmilonguita,Espa√±a
,"RT @CCivicaCatalana: El Aeropuerto de Murcia no puede llamarse De la Cierva, cient√≠fico aeron√°utico inventor del autogiro pero el Estadio o‚Ä¶",Tnar96,
,"RT @CCivicaCatalana: El Aeropuerto de Murcia no puede llamarse De la Cierva, cient√≠fico aeron√°utico inventor del autogiro pero el Estadio o‚Ä¶",KikeCazapatos,"Zaragoza, Espa√±a"
,"RT @CCivicaCatalana: El Aeropuerto de Murcia no puede llamarse De la Cierva, cient√≠fico aeron√°utico inventor del autogiro pero el Estadio o‚Ä¶",MorgaFernanda,
,"RT @CCivicaCatalana: El Aeropuerto de Murcia no puede llamarse De la Cierva, cient√≠fico aeron√°utico inventor del autogiro pero el Estadio o‚Ä¶",MFuriosita,"En Babia, sobre todo."
,RT @ReginadelC: Y pues na‚Äôa que ya he llegao a Barcelona. Y que aqu√≠ todos se llaman Jos√© algo. Le he preguntao a Jos√© el del aeropuerto qu‚Ä¶,MarthaS97050540,
,"RT @CCivicaCatalana: El Aeropuerto de Murcia no puede llamarse De la Cierva, cient√≠fico aeron√°utico inventor del autogiro pero el Estadio o‚Ä¶",gomezsori21,sevilla
,"RT @CCivicaCatalana: El Aeropuerto de Murcia no puede llamarse De la Cierva, cient√≠fico aeron√°utico inventor del autogiro pero el Estadio o‚Ä¶",toripollo2014,Tabarnia
,RT @ReginadelC: Y pues na‚Äôa que ya he llegao a Barcelona. Y que aqu√≠ todos se llaman Jos√© algo. Le he preguntao a Jos√© el del aeropuerto qu‚Ä¶,wamire,"Coyoac√°n, Distrito Federal"
,"RT @CCivicaCatalana: El Aeropuerto de Murcia no puede llamarse De la Cierva, cient√≠fico aeron√°utico inventor del autogiro pero el Estadio o‚Ä¶",ExpositoMarian,"Madrid, Comunidad de Madrid"
,"RT @CCivicaCatalana: El Aeropuerto de Murcia no puede llamarse De la Cierva, cient√≠fico aeron√°utico inventor del autogiro pero el Estadio o‚Ä¶",fernand49081208,Alg√∫n sitio
,"RT @CCivicaCatalana: El Aeropuerto de Murcia no puede llamarse De la Cierva, cient√≠fico aeron√°utico inventor del autogiro pero el Estadio o‚Ä¶",MGGmad,"Comunidad de Madrid, Espa√±a"
,"RT @CCivicaCatalana: El Aeropuerto de Murcia no puede llamarse De la Cierva, cient√≠fico aeron√°utico inventor del autogiro pero el Estadio o‚Ä¶",Arbolcres,
,"RT @CCivicaCatalana: El Aeropuerto de Murcia no puede llamarse De la Cierva, cient√≠fico aeron√°utico inventor del autogiro pero el Estadio o‚Ä¶",Pepe20240900,
,"RT @CCivicaCatalana: El Aeropuerto de Murcia no puede llamarse De la Cierva, cient√≠fico aeron√°utico inventor del autogiro pero el Estadio o‚Ä¶",rauli196,
,"RT @CCivicaCatalana: El Aeropuerto de Murcia no puede llamarse De la Cierva, cient√≠fico aeron√°utico inventor del autogiro pero el Estadio o‚Ä¶",EstupefactoF,
,"RT @CCivicaCatalana: El Aeropuerto de Murcia no puede llamarse De la Cierva, cient√≠fico aeron√°utico inventor del autogiro pero el Estadio o‚Ä¶",CARLOSZUBIETA9,
,"RT @CCivicaCatalana: El Aeropuerto de Murcia no puede llamarse De la Cierva, cient√≠fico aeron√°utico inventor del autogiro pero el Estadio o‚Ä¶",ERGORaul,
,"RT @CCivicaCatalana: El Aeropuerto de Murcia no puede llamarse De la Cierva, cient√≠fico aeron√°utico inventor del autogiro pero el Estadio o‚Ä¶",m_sikoba,
,"RT @CCivicaCatalana: El Aeropuerto de Murcia no puede llamarse De la Cierva, cient√≠fico aeron√°utico inventor del autogiro pero el Estadio o‚Ä¶",jovensanzsanz,
,"RT @CCivicaCatalana: El Aeropuerto de Murcia no puede llamarse De la Cierva, cient√≠fico aeron√°utico inventor del autogiro pero el Estadio o‚Ä¶",VladislavZaits4,
,"RT @CCivicaCatalana: El Aeropuerto de Murcia no puede llamarse De la Cierva, cient√≠fico aeron√°utico inventor del autogiro pero el Estadio o‚Ä¶",JavierIdesatec,Spain
,"RT @CCivicaCatalana: El Aeropuerto de Murcia no puede llamarse De la Cierva, cient√≠fico aeron√°utico inventor del autogiro pero el Estadio o‚Ä¶",RotcivToledo,Toledo Espa√±a
,"RT @CCivicaCatalana: El Aeropuerto de Murcia no puede llamarse De la Cierva, cient√≠fico aeron√°utico inventor del autogiro pero el Estadio o‚Ä¶",ChesCuacho,
,"RT @CCivicaCatalana: El Aeropuerto de Murcia no puede llamarse De la Cierva, cient√≠fico aeron√°utico inventor del autogiro pero el Estadio o‚Ä¶",lduqmon1975,
,"RT @CCivicaCatalana: El Aeropuerto de Murcia no puede llamarse De la Cierva, cient√≠fico aeron√°utico inventor del autogiro pero el Estadio o‚Ä¶",LuisaPoupin,
,"RT @CCivicaCatalana: El Aeropuerto de Murcia no puede llamarse De la Cierva, cient√≠fico aeron√°utico inventor del autogiro pero el Estadio o‚Ä¶",MiniMus2010,
,"RT @CCivicaCatalana: El Aeropuerto de Murcia no puede llamarse De la Cierva, cient√≠fico aeron√°utico inventor del autogiro pero el Estadio o‚Ä¶",JoseTorrexx,
,"RT @CCivicaCatalana: El Aeropuerto de Murcia no puede llamarse De la Cierva, cient√≠fico aeron√°utico inventor del autogiro pero el Estadio o‚Ä¶",TraderMarcoCost,StocksLand üí∂üíµüí∑
,"RT @CCivicaCatalana: El Aeropuerto de Murcia no puede llamarse De la Cierva, cient√≠fico aeron√°utico inventor del autogiro pero el Estadio o‚Ä¶",marm501,
,"RT @CCivicaCatalana: El Aeropuerto de Murcia no puede llamarse De la Cierva, cient√≠fico aeron√°utico inventor del autogiro pero el Estadio o‚Ä¶",juanmartosruiz1,
,"RT @CCivicaCatalana: El Aeropuerto de Murcia no puede llamarse De la Cierva, cient√≠fico aeron√°utico inventor del autogiro pero el Estadio o‚Ä¶",NACHO1905,
,"RT @CCivicaCatalana: El Aeropuerto de Murcia no puede llamarse De la Cierva, cient√≠fico aeron√°utico inventor del autogiro pero el Estadio o‚Ä¶",Bermejales6,"Sevilla, Espa√±a"
,"RT @CCivicaCatalana: El Aeropuerto de Murcia no puede llamarse De la Cierva, cient√≠fico aeron√°utico inventor del autogiro pero el Estadio o‚Ä¶",JmMartinGo,"C√≥rdoba, Espa√±a"
,"üöáRodalies limita la circulaci√≥n de las l√≠neas R2 norte y R11 por obras en Sant Andreu (Barcelona)

‚û°Los trenes con‚Ä¶ https://t.co/i2IJpgpkgA",elperiodico,Barcelona
,"RT @CCivicaCatalana: El Aeropuerto de Murcia no puede llamarse De la Cierva, cient√≠fico aeron√°utico inventor del autogiro pero el Estadio o‚Ä¶",CollonsLo,
,"RT @CCivicaCatalana: El Aeropuerto de Murcia no puede llamarse De la Cierva, cient√≠fico aeron√°utico inventor del autogiro pero el Estadio o‚Ä¶",aserranocasa,
,"RT @CCivicaCatalana: El Aeropuerto de Murcia no puede llamarse De la Cierva, cient√≠fico aeron√°utico inventor del autogiro pero el Estadio o‚Ä¶",tafranmo,
,"RT @CCivicaCatalana: El Aeropuerto de Murcia no puede llamarse De la Cierva, cient√≠fico aeron√°utico inventor del autogiro pero el Estadio o‚Ä¶",guelito56,oviedo Asturias
,"RT @CCivicaCatalana: El Aeropuerto de Murcia no puede llamarse De la Cierva, cient√≠fico aeron√°utico inventor del autogiro pero el Estadio o‚Ä¶",dani_sese,
,"RT @CCivicaCatalana: El Aeropuerto de Murcia no puede llamarse De la Cierva, cient√≠fico aeron√°utico inventor del autogiro pero el Estadio o‚Ä¶",Vilulo39,"Valencia, Espa√±a"
,"RT @CCivicaCatalana: El Aeropuerto de Murcia no puede llamarse De la Cierva, cient√≠fico aeron√°utico inventor del autogiro pero el Estadio o‚Ä¶",deportescampil1,
,"RT @CCivicaCatalana: El Aeropuerto de Murcia no puede llamarse De la Cierva, cient√≠fico aeron√°utico inventor del autogiro pero el Estadio o‚Ä¶",fuenlaca,
,"RT @CCivicaCatalana: El Aeropuerto de Murcia no puede llamarse De la Cierva, cient√≠fico aeron√°utico inventor del autogiro pero el Estadio o‚Ä¶",sheikitas,
,"RT @CCivicaCatalana: El Aeropuerto de Murcia no puede llamarse De la Cierva, cient√≠fico aeron√°utico inventor del autogiro pero el Estadio o‚Ä¶",ToyaCenamor,
,"RT @CCivicaCatalana: El Aeropuerto de Murcia no puede llamarse De la Cierva, cient√≠fico aeron√°utico inventor del autogiro pero el Estadio o‚Ä¶",Juan53689392,
,"RT @CCivicaCatalana: El Aeropuerto de Murcia no puede llamarse De la Cierva, cient√≠fico aeron√°utico inventor del autogiro pero el Estadio o‚Ä¶",ILovebasket34,Gran Canaria/Ftv Espa√±a
,"RT @CCivicaCatalana: El Aeropuerto de Murcia no puede llamarse De la Cierva, cient√≠fico aeron√°utico inventor del autogiro pero el Estadio o‚Ä¶",RubenDatito,
,"RT @CCivicaCatalana: El Aeropuerto de Murcia no puede llamarse De la Cierva, cient√≠fico aeron√°utico inventor del autogiro pero el Estadio o‚Ä¶",UrsinaLa,
,"RT @CCivicaCatalana: El Aeropuerto de Murcia no puede llamarse De la Cierva, cient√≠fico aeron√°utico inventor del autogiro pero el Estadio o‚Ä¶",CarmelaRizos,
,"RT @CCivicaCatalana: El Aeropuerto de Murcia no puede llamarse De la Cierva, cient√≠fico aeron√°utico inventor del autogiro pero el Estadio o‚Ä¶",mvegamon1,
,"RT @CCivicaCatalana: El Aeropuerto de Murcia no puede llamarse De la Cierva, cient√≠fico aeron√°utico inventor del autogiro pero el Estadio o‚Ä¶",BermejoNatalia3,
,"RT @CCivicaCatalana: El Aeropuerto de Murcia no puede llamarse De la Cierva, cient√≠fico aeron√°utico inventor del autogiro pero el Estadio o‚Ä¶",amart166,
,"RT @CCivicaCatalana: El Aeropuerto de Murcia no puede llamarse De la Cierva, cient√≠fico aeron√°utico inventor del autogiro pero el Estadio o‚Ä¶",samuelmg78,
,"RT @CCivicaCatalana: El Aeropuerto de Murcia no puede llamarse De la Cierva, cient√≠fico aeron√°utico inventor del autogiro pero el Estadio o‚Ä¶",Lyvanoff,Klagenfurt
,"RT @CCivicaCatalana: El Aeropuerto de Murcia no puede llamarse De la Cierva, cient√≠fico aeron√°utico inventor del autogiro pero el Estadio o‚Ä¶",mayloru,
,"RT @CCivicaCatalana: El Aeropuerto de Murcia no puede llamarse De la Cierva, cient√≠fico aeron√°utico inventor del autogiro pero el Estadio o‚Ä¶",MANUFIGA,
,"RT @CCivicaCatalana: El Aeropuerto de Murcia no puede llamarse De la Cierva, cient√≠fico aeron√°utico inventor del autogiro pero el Estadio o‚Ä¶",nulayar,
,"RT @CCivicaCatalana: El Aeropuerto de Murcia no puede llamarse De la Cierva, cient√≠fico aeron√°utico inventor del autogiro pero el Estadio o‚Ä¶",1978sarge,"Manchester, England"
,"RT @CCivicaCatalana: El Aeropuerto de Murcia no puede llamarse De la Cierva, cient√≠fico aeron√°utico inventor del autogiro pero el Estadio o‚Ä¶",DESIREGASO,
,"RT @CCivicaCatalana: El Aeropuerto de Murcia no puede llamarse De la Cierva, cient√≠fico aeron√°utico inventor del autogiro pero el Estadio o‚Ä¶",clariRibera,
,"RT @CCivicaCatalana: El Aeropuerto de Murcia no puede llamarse De la Cierva, cient√≠fico aeron√°utico inventor del autogiro pero el Estadio o‚Ä¶",Charada1010,
,RT @ReginadelC: Y pues na‚Äôa que ya he llegao a Barcelona. Y que aqu√≠ todos se llaman Jos√© algo. Le he preguntao a Jos√© el del aeropuerto qu‚Ä¶,GabrielSanMx,
,"RT @CCivicaCatalana: El Aeropuerto de Murcia no puede llamarse De la Cierva, cient√≠fico aeron√°utico inventor del autogiro pero el Estadio o‚Ä¶",mpolodelara,"Madrid, Comunidad de Madrid"
,"RT @CCivicaCatalana: El Aeropuerto de Murcia no puede llamarse De la Cierva, cient√≠fico aeron√°utico inventor del autogiro pero el Estadio o‚Ä¶",Javiermelero104,
,"RT @CCivicaCatalana: El Aeropuerto de Murcia no puede llamarse De la Cierva, cient√≠fico aeron√°utico inventor del autogiro pero el Estadio o‚Ä¶",FrancisRubioGme,‚ù§Ô∏èüíõ‚ù§Ô∏è
,"#Mercato üí∏

üõ¨ El representante portugu√©s ha aterrizado en el aeropuerto de El Prat

https://t.co/H4uZ8SwOAg",sport,Barcelona
,"RT @josemanuelorus: El Aeropuerto de Murcia no puede llamarse De la Cierva, cient√≠fico aeron√°utico inventor del autogiro pero el Estadio ol‚Ä¶",grandfather56vl,
,"RT @CCivicaCatalana: El Aeropuerto de Murcia no puede llamarse De la Cierva, cient√≠fico aeron√°utico inventor del autogiro pero el Estadio o‚Ä¶",grandfather56vl,
,"RT @CCivicaCatalana: El Aeropuerto de Murcia no puede llamarse De la Cierva, cient√≠fico aeron√°utico inventor del autogiro pero el Estadio o‚Ä¶",Aminomemires3,
,RT @ReginadelC: Y pues na‚Äôa que ya he llegao a Barcelona. Y que aqu√≠ todos se llaman Jos√© algo. Le he preguntao a Jos√© el del aeropuerto qu‚Ä¶,MartnCeja2,"Distrito Federal, M√©xico"
,"RT @CCivicaCatalana: El Aeropuerto de Murcia no puede llamarse De la Cierva, cient√≠fico aeron√°utico inventor del autogiro pero el Estadio o‚Ä¶",RafaelG76135122,
,"RT @CCivicaCatalana: El Aeropuerto de Murcia no puede llamarse De la Cierva, cient√≠fico aeron√°utico inventor del autogiro pero el Estadio o‚Ä¶",Lady_Cayetana,
,"RT @CCivicaCatalana: El Aeropuerto de Murcia no puede llamarse De la Cierva, cient√≠fico aeron√°utico inventor del autogiro pero el Estadio o‚Ä¶",cmariavilaplana,"Barcelona, Tabarnia."
,"RT @CCivicaCatalana: El Aeropuerto de Murcia no puede llamarse De la Cierva, cient√≠fico aeron√°utico inventor del autogiro pero el Estadio o‚Ä¶",CataManyol,"Barcelona, Espa√±a +=+"
,"RT @CCivicaCatalana: El Aeropuerto de Murcia no puede llamarse De la Cierva, cient√≠fico aeron√°utico inventor del autogiro pero el Estadio o‚Ä¶",Rafagosanz,
,"El Aeropuerto de Murcia no puede llamarse De la Cierva, cient√≠fico aeron√°utico inventor del autogiro pero el Estadi‚Ä¶ https://t.co/aRuX32iGi7",josemanuelorus,pe√±alba huesca
,"RT @CCivicaCatalana: El Aeropuerto de Murcia no puede llamarse De la Cierva, cient√≠fico aeron√°utico inventor del autogiro pero el Estadio o‚Ä¶",josemanuelorus,pe√±alba huesca
,"RT @CCivicaCatalana: El Aeropuerto de Murcia no puede llamarse De la Cierva, cient√≠fico aeron√°utico inventor del autogiro pero el Estadio o‚Ä¶",PepeBlanctor,                 Espa√±a
,"RT @CCivicaCatalana: El Aeropuerto de Murcia no puede llamarse De la Cierva, cient√≠fico aeron√°utico inventor del autogiro pero el Estadio o‚Ä¶",DameronFighter,Espa√±a
,"RT @CCivicaCatalana: El Aeropuerto de Murcia no puede llamarse De la Cierva, cient√≠fico aeron√°utico inventor del autogiro pero el Estadio o‚Ä¶",EspanolMalaga,
,"RT @CCivicaCatalana: El Aeropuerto de Murcia no puede llamarse De la Cierva, cient√≠fico aeron√°utico inventor del autogiro pero el Estadio o‚Ä¶",Xangai38847211,
,"RT @CCivicaCatalana: El Aeropuerto de Murcia no puede llamarse De la Cierva, cient√≠fico aeron√°utico inventor del autogiro pero el Estadio o‚Ä¶",jorgeugueto2,
,"RT @CCivicaCatalana: El Aeropuerto de Murcia no puede llamarse De la Cierva, cient√≠fico aeron√°utico inventor del autogiro pero el Estadio o‚Ä¶",sergiovc9,"Fuengirola, Andaluc√≠a"
,"RT @CCivicaCatalana: El Aeropuerto de Murcia no puede llamarse De la Cierva, cient√≠fico aeron√°utico inventor del autogiro pero el Estadio o‚Ä¶",fgomezaguado,
,"RT @CCivicaCatalana: El Aeropuerto de Murcia no puede llamarse De la Cierva, cient√≠fico aeron√°utico inventor del autogiro pero el Estadio o‚Ä¶",piquitronic,Espa√±a
,"RT @CCivicaCatalana: El Aeropuerto de Murcia no puede llamarse De la Cierva, cient√≠fico aeron√°utico inventor del autogiro pero el Estadio o‚Ä¶",CarmenR66023383,"Madrid, Comunidad de Madrid"
,"RT @CCivicaCatalana: El Aeropuerto de Murcia no puede llamarse De la Cierva, cient√≠fico aeron√°utico inventor del autogiro pero el Estadio o‚Ä¶",mikelmartinga,
,"RT @CCivicaCatalana: El Aeropuerto de Murcia no puede llamarse De la Cierva, cient√≠fico aeron√°utico inventor del autogiro pero el Estadio o‚Ä¶",WiobD,
,"RT @CCivicaCatalana: El Aeropuerto de Murcia no puede llamarse De la Cierva, cient√≠fico aeron√°utico inventor del autogiro pero el Estadio o‚Ä¶",olsangu,
,"RT @ecuavisa: üîä La escena sucedi√≥ en el aeropuerto de Barcelona. Un intr√©pido reportero le pregunt√≥ a Gerard Piqu√©: ""¬øEst√°s feliz?"".

Mira‚Ä¶",goo_Mar1a,"Manta, Ecuador"
,"RT @ecuavisa: üîä La escena sucedi√≥ en el aeropuerto de Barcelona. Un intr√©pido reportero le pregunt√≥ a Gerard Piqu√©: ""¬øEst√°s feliz?"".

Mira‚Ä¶",JuaGarci_a,"Manta, Ecuador"
,"RT @ecuavisa: üîä La escena sucedi√≥ en el aeropuerto de Barcelona. Un intr√©pido reportero le pregunt√≥ a Gerard Piqu√©: ""¬øEst√°s feliz?"".

Mira‚Ä¶",Mar_Gabrila,"Manta, Ecuador"
,"RT @CuentaCerebro: Jorge Mendes acaba de llegar al aeropuerto de  Barcelona.

Cuenta @gerardromero , que estas son las carpetas que se podr‚Ä¶",JesusGa07693325,
,"RT @ecuavisa: üîä La escena sucedi√≥ en el aeropuerto de Barcelona. Un intr√©pido reportero le pregunt√≥ a Gerard Piqu√©: ""¬øEst√°s feliz?"".

Mira‚Ä¶",gomePaoli,"Manta, Ecuador"
,"RT @CCivicaCatalana: El Aeropuerto de Murcia no puede llamarse De la Cierva, cient√≠fico aeron√°utico inventor del autogiro pero el Estadio o‚Ä¶",Antant27990005,
,"RT @CCivicaCatalana: El Aeropuerto de Murcia no puede llamarse De la Cierva, cient√≠fico aeron√°utico inventor del autogiro pero el Estadio o‚Ä¶",Zirculovizioso,Madrid
,"RT @CCivicaCatalana: El Aeropuerto de Murcia no puede llamarse De la Cierva, cient√≠fico aeron√°utico inventor del autogiro pero el Estadio o‚Ä¶",Pizarrotizona,Badajoz
,"RT @ecuavisa: üîä La escena sucedi√≥ en el aeropuerto de Barcelona. Un intr√©pido reportero le pregunt√≥ a Gerard Piqu√©: ""¬øEst√°s feliz?"".

Mira‚Ä¶",HermosaCristin,"Manta, Ecuador"
,"RT @CCivicaCatalana: El Aeropuerto de Murcia no puede llamarse De la Cierva, cient√≠fico aeron√°utico inventor del autogiro pero el Estadio o‚Ä¶",JavierCanoSnch1,
,"RT @CCivicaCatalana: El Aeropuerto de Murcia no puede llamarse De la Cierva, cient√≠fico aeron√°utico inventor del autogiro pero el Estadio o‚Ä¶",SDPALPODER1,
,"RT @CCivicaCatalana: El Aeropuerto de Murcia no puede llamarse De la Cierva, cient√≠fico aeron√°utico inventor del autogiro pero el Estadio o‚Ä¶",Alfredo06326156,"Berl√≠n, Alemania"
,"RT @BAERVenezuela: #8Jun | @BAERVenezuela encabez√≥ conversatorio en el Aeropuerto Int. de GD Jos√© Antonio Anzo√°tegui de Barcelona, dirigido‚Ä¶",Yanays17,Venezuela-Valencia
,"üîä La escena sucedi√≥ en el aeropuerto de Barcelona. Un intr√©pido reportero le pregunt√≥ a Gerard Piqu√©: ""¬øEst√°s feliz‚Ä¶ https://t.co/vXWyCP2sP2",ecuavisa,Ecuador
,"RT @CuentaCerebro: Jorge Mendes acaba de llegar al aeropuerto de  Barcelona.

Cuenta @gerardromero , que estas son las carpetas que se podr‚Ä¶",luiscol77096019,"Bayam√≥n, USA"
,"RT @CCivicaCatalana: El Aeropuerto de Murcia no puede llamarse De la Cierva, cient√≠fico aeron√°utico inventor del autogiro pero el Estadio o‚Ä¶",ManuelTG123,
,"RT @CCivicaCatalana: El Aeropuerto de Murcia no puede llamarse De la Cierva, cient√≠fico aeron√°utico inventor del autogiro pero el Estadio o‚Ä¶",carlos7donado,"Valdepe√±as, Espa√±a"
,"RT @CCivicaCatalana: El Aeropuerto de Murcia no puede llamarse De la Cierva, cient√≠fico aeron√°utico inventor del autogiro pero el Estadio o‚Ä¶",Joshnach2,
,"RT @CCivicaCatalana: El Aeropuerto de Murcia no puede llamarse De la Cierva, cient√≠fico aeron√°utico inventor del autogiro pero el Estadio o‚Ä¶",JOSMGUTIRREZ1,ESPA√ëA
,"RT @CCivicaCatalana: El Aeropuerto de Murcia no puede llamarse De la Cierva, cient√≠fico aeron√°utico inventor del autogiro pero el Estadio o‚Ä¶",MARIAJOSEEXPO13,
,"Jorge Mendes acaba de llegar al aeropuerto de  Barcelona.

Cuenta @gerardromero , que estas son las carpetas que se‚Ä¶ https://t.co/oY6RtJyW9U",CuentaCerebro,
,üö® Avanza @JijantesFC la llegada de Jorge Mendes al aeropuerto de Barcelona para encontrarse supuestamente con la directiva azulgrana.,hilandoelcuero,
,"RT @CCivicaCatalana: El Aeropuerto de Murcia no puede llamarse De la Cierva, cient√≠fico aeron√°utico inventor del autogiro pero el Estadio o‚Ä¶",Aaron_ferreriro,
,"RT @CCivicaCatalana: El Aeropuerto de Murcia no puede llamarse De la Cierva, cient√≠fico aeron√°utico inventor del autogiro pero el Estadio o‚Ä¶",sabinaijon,"Motril, espa√±a"
,"RT @CCivicaCatalana: El Aeropuerto de Murcia no puede llamarse De la Cierva, cient√≠fico aeron√°utico inventor del autogiro pero el Estadio o‚Ä¶",aliazagra,Algeciras (C√°diz)
,"RT @CCivicaCatalana: El Aeropuerto de Murcia no puede llamarse De la Cierva, cient√≠fico aeron√°utico inventor del autogiro pero el Estadio o‚Ä¶",R0A0G01,
,"RT @CCivicaCatalana: El Aeropuerto de Murcia no puede llamarse De la Cierva, cient√≠fico aeron√°utico inventor del autogiro pero el Estadio o‚Ä¶",mingasa33,
,RT @ReginadelC: Y pues na‚Äôa que ya he llegao a Barcelona. Y que aqu√≠ todos se llaman Jos√© algo. Le he preguntao a Jos√© el del aeropuerto qu‚Ä¶,leoncontenis,
,"RT @CCivicaCatalana: El Aeropuerto de Murcia no puede llamarse De la Cierva, cient√≠fico aeron√°utico inventor del autogiro pero el Estadio o‚Ä¶",Aloe29687512,Mediterr√°neo 
,"RT @CCivicaCatalana: El Aeropuerto de Murcia no puede llamarse De la Cierva, cient√≠fico aeron√°utico inventor del autogiro pero el Estadio o‚Ä¶",monica_rgrg,
,"RT @CCivicaCatalana: El Aeropuerto de Murcia no puede llamarse De la Cierva, cient√≠fico aeron√°utico inventor del autogiro pero el Estadio o‚Ä¶",ElAvangelio,Ciudad del Real Betis
,"RT @CCivicaCatalana: El Aeropuerto de Murcia no puede llamarse De la Cierva, cient√≠fico aeron√°utico inventor del autogiro pero el Estadio o‚Ä¶",hualcoyotl,HB / Deutschland
,"RT @CCivicaCatalana: El Aeropuerto de Murcia no puede llamarse De la Cierva, cient√≠fico aeron√°utico inventor del autogiro pero el Estadio o‚Ä¶",Elisabobergpast,"Madrid, Comunidad de Madrid"
,"RT @CCivicaCatalana: El Aeropuerto de Murcia no puede llamarse De la Cierva, cient√≠fico aeron√°utico inventor del autogiro pero el Estadio o‚Ä¶",Lucirv2,"Extremadura, Espa√±a"
,"RT @CCivicaCatalana: El Aeropuerto de Murcia no puede llamarse De la Cierva, cient√≠fico aeron√°utico inventor del autogiro pero el Estadio o‚Ä¶",aflehafle,
,"RT @CCivicaCatalana: El Aeropuerto de Murcia no puede llamarse De la Cierva, cient√≠fico aeron√°utico inventor del autogiro pero el Estadio o‚Ä¶",PenarrubiaPedro,"Comunidad Valenciana, Espa√±a"
,"RT @CCivicaCatalana: El Aeropuerto de Murcia no puede llamarse De la Cierva, cient√≠fico aeron√°utico inventor del autogiro pero el Estadio o‚Ä¶",santiago6951,
,"RT @CCivicaCatalana: El Aeropuerto de Murcia no puede llamarse De la Cierva, cient√≠fico aeron√°utico inventor del autogiro pero el Estadio o‚Ä¶",clara572993676,
,"RT @CCivicaCatalana: El Aeropuerto de Murcia no puede llamarse De la Cierva, cient√≠fico aeron√°utico inventor del autogiro pero el Estadio o‚Ä¶",AnaDiazCano2,
,"RT @CCivicaCatalana: El Aeropuerto de Murcia no puede llamarse De la Cierva, cient√≠fico aeron√°utico inventor del autogiro pero el Estadio o‚Ä¶",Davidfmarques,"Principado de Asturias, Espa√±a"
,"RT @CCivicaCatalana: El Aeropuerto de Murcia no puede llamarse De la Cierva, cient√≠fico aeron√°utico inventor del autogiro pero el Estadio o‚Ä¶",Sergravalls1,
,"RT @CCivicaCatalana: El Aeropuerto de Murcia no puede llamarse De la Cierva, cient√≠fico aeron√°utico inventor del autogiro pero el Estadio o‚Ä¶",mararro,
,"RT @CCivicaCatalana: El Aeropuerto de Murcia no puede llamarse De la Cierva, cient√≠fico aeron√°utico inventor del autogiro pero el Estadio o‚Ä¶",TVFMimagine,"Madrid, Comunidad de Madrid"
,"RT @CCivicaCatalana: El Aeropuerto de Murcia no puede llamarse De la Cierva, cient√≠fico aeron√°utico inventor del autogiro pero el Estadio o‚Ä¶",LAROEDU,Australia
,"RT @CCivicaCatalana: El Aeropuerto de Murcia no puede llamarse De la Cierva, cient√≠fico aeron√°utico inventor del autogiro pero el Estadio o‚Ä¶",CondorCocodrilo,
,"RT @CCivicaCatalana: El Aeropuerto de Murcia no puede llamarse De la Cierva, cient√≠fico aeron√°utico inventor del autogiro pero el Estadio o‚Ä¶",Mariarevuelta18,
,"RT @CCivicaCatalana: El Aeropuerto de Murcia no puede llamarse De la Cierva, cient√≠fico aeron√°utico inventor del autogiro pero el Estadio o‚Ä¶",JuanEsp10709117,
,"RT @CCivicaCatalana: El Aeropuerto de Murcia no puede llamarse De la Cierva, cient√≠fico aeron√°utico inventor del autogiro pero el Estadio o‚Ä¶",EduardoGPalomar,Manlleu-Catalunya-Espa√±a
,"RT @CCivicaCatalana: El Aeropuerto de Murcia no puede llamarse De la Cierva, cient√≠fico aeron√°utico inventor del autogiro pero el Estadio o‚Ä¶",villarabogado,La Rioja
,"RT @CCivicaCatalana: El Aeropuerto de Murcia no puede llamarse De la Cierva, cient√≠fico aeron√°utico inventor del autogiro pero el Estadio o‚Ä¶",ivanden83200679,"Zaragoza, Espa√±a"
,"RT @CCivicaCatalana: El Aeropuerto de Murcia no puede llamarse De la Cierva, cient√≠fico aeron√°utico inventor del autogiro pero el Estadio o‚Ä¶",yomebajoenAtoch,Spain
,"RT @CCivicaCatalana: El Aeropuerto de Murcia no puede llamarse De la Cierva, cient√≠fico aeron√°utico inventor del autogiro pero el Estadio o‚Ä¶",ArribaPenas,
,"RT @CCivicaCatalana: El Aeropuerto de Murcia no puede llamarse De la Cierva, cient√≠fico aeron√°utico inventor del autogiro pero el Estadio o‚Ä¶",Oscar45811490,
,"RT @CCivicaCatalana: El Aeropuerto de Murcia no puede llamarse De la Cierva, cient√≠fico aeron√°utico inventor del autogiro pero el Estadio o‚Ä¶",Mar_7083,"Murcia, Espa√±a"
,"RT @CCivicaCatalana: El Aeropuerto de Murcia no puede llamarse De la Cierva, cient√≠fico aeron√°utico inventor del autogiro pero el Estadio o‚Ä¶",vinotezuela,
,"RT @BAERVenezuela: #8Jun | @BAERVenezuela encabez√≥ conversatorio en el Aeropuerto Int. de GD Jos√© Antonio Anzo√°tegui de Barcelona, dirigido‚Ä¶",MUSURRA,
,"RT @CCivicaCatalana: El Aeropuerto de Murcia no puede llamarse De la Cierva, cient√≠fico aeron√°utico inventor del autogiro pero el Estadio o‚Ä¶",Lapastelera4,
,"RT @CCivicaCatalana: El Aeropuerto de Murcia no puede llamarse De la Cierva, cient√≠fico aeron√°utico inventor del autogiro pero el Estadio o‚Ä¶",francisquino71,
,"RT @CCivicaCatalana: El Aeropuerto de Murcia no puede llamarse De la Cierva, cient√≠fico aeron√°utico inventor del autogiro pero el Estadio o‚Ä¶",Miguel9641,
,"RT @CCivicaCatalana: El Aeropuerto de Murcia no puede llamarse De la Cierva, cient√≠fico aeron√°utico inventor del autogiro pero el Estadio o‚Ä¶",elmoreno3o,
,"RT @CCivicaCatalana: El Aeropuerto de Murcia no puede llamarse De la Cierva, cient√≠fico aeron√°utico inventor del autogiro pero el Estadio o‚Ä¶",futbolmania35,"Pa√≠s Vasco, Espa√±a"
,"RT @CCivicaCatalana: El Aeropuerto de Murcia no puede llamarse De la Cierva, cient√≠fico aeron√°utico inventor del autogiro pero el Estadio o‚Ä¶",Pilarcabrerapr2,
,"RT @CCivicaCatalana: El Aeropuerto de Murcia no puede llamarse De la Cierva, cient√≠fico aeron√°utico inventor del autogiro pero el Estadio o‚Ä¶",DoctorVaras, De paso hacia la Eternidad
,"RT @CCivicaCatalana: El Aeropuerto de Murcia no puede llamarse De la Cierva, cient√≠fico aeron√°utico inventor del autogiro pero el Estadio o‚Ä¶",Jander3756,
,"RT @CCivicaCatalana: El Aeropuerto de Murcia no puede llamarse De la Cierva, cient√≠fico aeron√°utico inventor del autogiro pero el Estadio o‚Ä¶",Enrique2Alvarez,
,"RT @CCivicaCatalana: El Aeropuerto de Murcia no puede llamarse De la Cierva, cient√≠fico aeron√°utico inventor del autogiro pero el Estadio o‚Ä¶",siavoxs,Catalu√±a (ESPA√ëA)
,"RT @CCivicaCatalana: El Aeropuerto de Murcia no puede llamarse De la Cierva, cient√≠fico aeron√°utico inventor del autogiro pero el Estadio o‚Ä¶",dpitarchp,Espa√±a
,"RT @CCivicaCatalana: El Aeropuerto de Murcia no puede llamarse De la Cierva, cient√≠fico aeron√°utico inventor del autogiro pero el Estadio o‚Ä¶",Yo49786103,Madrid
,"RT @CCivicaCatalana: El Aeropuerto de Murcia no puede llamarse De la Cierva, cient√≠fico aeron√°utico inventor del autogiro pero el Estadio o‚Ä¶",BeaSerraR,Vila-real
,#AqueNoSab√≠as El cantante @ChristianNodall üá≤üáΩ y la cantante #Cazuu üá¶üá∑ fueron vistos juntos el d√≠a martes 7 de junio‚Ä¶ https://t.co/Hui2LfRe1J,paisdejovenes,
,"RT @CCivicaCatalana: El Aeropuerto de Murcia no puede llamarse De la Cierva, cient√≠fico aeron√°utico inventor del autogiro pero el Estadio o‚Ä¶",laj_victoriano,
,"RT @CCivicaCatalana: El Aeropuerto de Murcia no puede llamarse De la Cierva, cient√≠fico aeron√°utico inventor del autogiro pero el Estadio o‚Ä¶",jromeoperez,"Zaragoza, Espa√±a"
,"RT @CCivicaCatalana: El Aeropuerto de Murcia no puede llamarse De la Cierva, cient√≠fico aeron√°utico inventor del autogiro pero el Estadio o‚Ä¶",West99307638,
,"RT @CCivicaCatalana: El Aeropuerto de Murcia no puede llamarse De la Cierva, cient√≠fico aeron√°utico inventor del autogiro pero el Estadio o‚Ä¶",Lulu102022,Espa√±a
,"RT @CCivicaCatalana: El Aeropuerto de Murcia no puede llamarse De la Cierva, cient√≠fico aeron√°utico inventor del autogiro pero el Estadio o‚Ä¶",JessMar62054620,"Sevilla, Andaluc√≠a"
